{
    "providers": [
        {
            "type": "bitmap",
            "file": "minecraft:font/rpmoder.png",
            "ascent": 8,
            "height": 9,
            "chars": [
                "\u0114 "
            ]
        },
        {
            "type": "bitmap",
            "file": "minecraft:font/moder.png",
            "ascent": 8,
            "height": 9,
            "chars": [
                "\u0115"
            ]
        },
        {
            "type": "bitmap",
            "file": "minecraft:font/admin.png",
            "ascent": 8,
            "height": 9,
            "chars": [
                "\u0116"
            ]
        },
        {
            "type": "bitmap",
            "file": "minecraft:font/rpadmin.png",
            "ascent": 8,
            "height": 9,
            "chars": [
                "\u0117"
            ]
        },
        {
            "type": "bitmap",
            "file": "minecraft:font/owner.png",
            "ascent": 8,
            "height": 9,
            "chars": [
                "\u0118"
            ]
        },
        {
            "type": "bitmap",
            "file": "minecraft:font/helper.png",
            "ascent": 8,
            "height": 9,
            "chars": [
                "\u0119"
            ]
        },
        {
            "type": "bitmap",
            "file": "minecraft:font/rpmoderator.png",
            "ascent": 8,
            "height": 9,
            "chars": [
                "\u0113"
            ]
        },
        {
            "type": "bitmap",
            "file": "minecraft:font/cock.png",
            "ascent": 8,
            "height": 9,
            "chars": [
                "\u0141"
            ]
        },
        {
            "type": "bitmap",
            "file": "minecraft:font/ispany.png",
            "ascent": 8,
            "height": 9,
            "chars": [
                "\u0142"
            ]
        },
        {
            "type": "bitmap",
            "file": "minecraft:font/rusiaimper.png",
            "ascent": 8,
            "height": 9,
            "chars": [
                "\u0143"
            ]
        },
        {
            "type": "bitmap",
            "file": "minecraft:font/aboba.png",
            "ascent": 8,
            "height": 9,
            "chars": [
                "\u0144"
            ]
        },
        {
            "type": "bitmap",
            "file": "minecraft:font/amerima.png",
            "ascent": 8,
            "height": 9,
            "chars": [
                "\u0145"
            ]
        },
        {
            "type": "bitmap",
            "file": "minecraft:font/blackcock.png",
            "ascent": 8,
            "height": 9,
            "chars": [
                "\u0146"
            ]
        },
        {
            "type": "bitmap",
            "file": "minecraft:font/developer.png",
            "ascent": 8,
            "height": 9,
            "chars": [
                "\u011A"
            ]
        },
        {
            "type": "bitmap",
            "file": "minecraft:font/donate.png",
            "ascent": 8,
            "height": 9,
            "chars": [
                "\u0174"
            ]
        },
        {
            "type": "bitmap",
            "file": "minecraft:font/donate1.png",
            "ascent": 8,
            "height": 9,
            "chars": [
                "\u0175"
            ]
        },
        {
            "type": "bitmap",
            "file": "minecraft:font/donate2.png",
            "ascent": 8,
            "height": 9,
            "chars": [
                "\u0176"
            ]
        },
        {
            "type": "bitmap",
            "file": "minecraft:font/donate3.png",
            "ascent": 8,
            "height": 9,
            "chars": [
                "\u0177"
            ]
        },
        {
            "type": "bitmap",
            "file": "minecraft:font/Heart.png",
            "ascent": 8,
            "height": 9,
            "chars": [
                "\u2764"
            ]
        },
        {
            "type": "bitmap",
            "file": "minecraft:font/emppolitics.png",
            "ascent": 8,
            "height": 9,
            "chars": [
                "\uFF00"
            ]
        },
        {
            "type": "bitmap",
            "file": "minecraft:font/spring.png",
            "ascent": 8,
            "height": 30,
            "chars": [
                "\uFFDD"
            ]
        },
        {
            "type": "bitmap",
            "file": "minecraft:font/osenb.png",
            "ascent": 8,
            "height": 30,
            "chars": [
                "\uFFDE"
            ]
        },
        {
            "type": "bitmap",
            "file": "minecraft:font/winter.png",
            "ascent": 8,
            "height": 30,
            "chars": [
                "\uFFDF"
            ]
        },
        {
            "type": "bitmap",
            "file": "minecraft:font/summer.png",
            "ascent": 8,
            "height": 30,
            "chars": [
                "\uFFD0"
            ]
        },
        {
            "type": "bitmap",
            "file": "minecraft:font/emoji1.png",
            "ascent": 8,
            "height": 30,
            "chars": [
                "\u07B2"
            ]
        },
        {
            "type": "bitmap",
            "file": "minecraft:font/emoji2.png",
            "ascent": 8,
            "height": 30,
            "chars": [
                "\u07B3"
            ]
        },
        {
            "type": "bitmap",
            "file": "minecraft:font/emoji3.png",
            "ascent": 8,
            "height": 30,
            "chars": [
                "\u07B4"
            ]
        },
        {
            "type": "bitmap",
            "file": "minecraft:font/emoji4.png",
            "ascent": 8,
            "height": 30,
            "chars": [
                "\u07B5"
            ]
        },
        {
            "type": "bitmap",
            "file": "minecraft:font/emoji5.png",
            "ascent": 8,
            "height": 30,
            "chars": [
                "\u07B6"
            ]
        },
        {
            "type": "bitmap",
            "file": "minecraft:font/coinep.png",
            "ascent": 8,
            "height": 9,
            "chars": [
                "\u24C4"
            ]
        },
        {
            "file": "extended_pause_menu:menu_logo1.png",
            "chars": [
                ""
            ],
            "height": 80,
            "ascent": 80,
            "type": "bitmap"
        },
        {
            "file": "extended_pause_menu:menu_logo2.png",
            "chars": [
                ""
            ],
            "height": 80,
            "ascent": 80,
            "type": "bitmap"
        }
    ]
}