{
	"credit": "Made with Blockbench",
	"texture_size": [128, 128],
	"textures": {
		"1": "block/color/gewehr_1888",
		"particle": "block/color/gewehr_1888"
	},
	"elements": [
		{
			"name": "main",
			"from": [7.5083, 4.1152, 5.4932],
			"to": [8.4917, 4.9864, 13.6984],
			"rotation": {"angle": 0, "axis": "y", "origin": [0, 0, 8]},
			"faces": {
				"north": {"uv": [7.5, 10, 8, 10.375], "texture": "#1"},
				"east": {"uv": [5.5, 4, 9.25, 4.375], "texture": "#1"},
				"south": {"uv": [10, 7, 10.5, 7.375], "texture": "#1"},
				"west": {"uv": [5.5, 3.5, 9.25, 3.875], "texture": "#1"},
				"up": {"uv": [3, 4, 3.5, 7.75], "texture": "#1"},
				"down": {"uv": [3.5, 7.75, 4, 4], "texture": "#1"}
			}
		},
		{
			"name": "main",
			"from": [7.5083, 3.9002, 13.0984],
			"to": [8.4917, 5.0562, 20.5036],
			"rotation": {"angle": 0, "axis": "y", "origin": [0, 0, 8]},
			"faces": {
				"north": {"uv": [8.5, 7, 9, 7.75], "texture": "#1"},
				"east": {"uv": [0, 3, 3.75, 3.75], "texture": "#1"},
				"south": {"uv": [2.5, 8.5, 3, 9.25], "texture": "#1"},
				"west": {"uv": [0, 2, 3.75, 2.75], "texture": "#1"},
				"up": {"uv": [4, 3.5, 4.5, 7.25], "texture": "#1"},
				"down": {"uv": [4.5, 7.25, 5, 3.5], "texture": "#1"}
			}
		},
		{
			"name": "main",
			"from": [7.5093, 4.0383, 20.23426],
			"to": [8.4907, 5.2175, 23.98746],
			"rotation": {"angle": 22.5, "axis": "x", "origin": [8, 4.46289, 19.93586]},
			"faces": {
				"north": {"uv": [8.5, 8.5, 9, 9.25], "texture": "#1"},
				"east": {"uv": [6, 4.5, 7.375, 5.25], "texture": "#1"},
				"south": {"uv": [8, 8.5, 8.5, 9.25], "texture": "#1"},
				"west": {"uv": [6, 2, 7.375, 2.75], "texture": "#1"},
				"up": {"uv": [4, 7.5, 4.5, 8.875], "texture": "#1"},
				"down": {"uv": [4.5, 8.875, 5, 7.5], "texture": "#1"}
			}
		},
		{
			"name": "main",
			"from": [7.5083, 3.12565, 22.17072],
			"to": [8.4917, 4.55685, 27.10092],
			"rotation": {"angle": 0, "axis": "y", "origin": [0, 0.1, 7.4]},
			"faces": {
				"north": {"uv": [0, 8.5, 0.5, 9.5], "texture": "#1"},
				"east": {"uv": [0, 1, 4.125, 2], "texture": "#1"},
				"south": {"uv": [7, 1, 7.5, 2], "texture": "#1"},
				"west": {"uv": [0, 0, 4.125, 1], "texture": "#1"},
				"up": {"uv": [0, 4, 0.5, 8.125], "texture": "#1"},
				"down": {"uv": [0.5, 8.125, 1, 4], "texture": "#1"}
			}
		},
		{
			"name": "main",
			"from": [7.5083, 1.36945, 26.34572],
			"to": [8.4917, 3.12565, 27.10092],
			"rotation": {"angle": 0, "axis": "y", "origin": [0, 0.1, 7.4]},
			"faces": {
				"north": {"uv": [1.5, 8.5, 2, 9.5], "texture": "#1"},
				"east": {"uv": [4.5, 1, 6.375, 2], "texture": "#1"},
				"south": {"uv": [0.5, 8.5, 1, 9.5], "texture": "#1"},
				"west": {"uv": [4.5, 0, 6.375, 1], "texture": "#1"},
				"up": {"uv": [6, 5.5, 6.5, 7.375], "texture": "#1"},
				"down": {"uv": [6.5, 1.875, 7, 0], "texture": "#1"}
			}
		},
		{
			"name": "main",
			"from": [7.5093, 1.75742, 23.57853],
			"to": [8.4907, 3.58662, 26.68173],
			"rotation": {"angle": 22.5, "axis": "x", "origin": [8, 2.24702, 25.58013]},
			"faces": {
				"north": {"uv": [6, 7.5, 6.5, 8.75], "texture": "#1"},
				"east": {"uv": [4, 2, 5.625, 3.25], "texture": "#1"},
				"south": {"uv": [5, 7.5, 5.5, 8.75], "texture": "#1"},
				"west": {"uv": [1, 4, 2.625, 5.25], "texture": "#1"},
				"up": {"uv": [7, 7, 7.5, 8.625], "texture": "#1"},
				"down": {"uv": [7.5, 2.625, 8, 1], "texture": "#1"}
			}
		},
		{
			"name": "main",
			"from": [7.50962, 3.8278, 12.48196],
			"to": [8.49038, 4.36636, 13.77952],
			"rotation": {"angle": 22.5, "axis": "x", "origin": [8, 5.14957, 13.61324]},
			"faces": {
				"north": {"uv": [10.5, 11, 11, 11.25], "rotation": 180, "texture": "#1"},
				"east": {"uv": [10.5, 4.5, 11.125, 4.75], "rotation": 180, "texture": "#1"},
				"south": {"uv": [11, 10.5, 11.5, 10.75], "rotation": 180, "texture": "#1"},
				"west": {"uv": [3.5, 10.5, 4.125, 10.75], "rotation": 180, "texture": "#1"},
				"up": {"uv": [5, 9.625, 5.5, 9], "texture": "#1"},
				"down": {"uv": [4.5, 9, 5, 9.625], "texture": "#1"}
			}
		},
		{
			"name": "main",
			"from": [7.5083, 4.1152, 0.466],
			"to": [8.4917, 4.9864, 6.0576],
			"rotation": {"angle": 0, "axis": "y", "origin": [0, 0, 8]},
			"faces": {
				"north": {"uv": [10.5, 0, 11, 0.375], "texture": "#1"},
				"east": {"uv": [6.5, 6.5, 8.875, 6.875], "texture": "#1"},
				"south": {"uv": [0, 10.5, 0.5, 10.875], "texture": "#1"},
				"west": {"uv": [6.5, 6, 8.875, 6.375], "texture": "#1"},
				"up": {"uv": [1.5, 5.5, 2, 7.875], "texture": "#1"},
				"down": {"uv": [2, 7.875, 2.5, 5.5], "texture": "#1"}
			}
		},
		{
			"name": "main",
			"from": [7.7063, 4.8402, -3.6062],
			"to": [8.2937, 5.4144, 0.7104],
			"rotation": {"angle": 0, "axis": "y", "origin": [0, 0, 8]},
			"faces": {
				"north": {"uv": [12, 2, 12.25, 2.25], "texture": "#1"},
				"east": {"uv": [2, 9.5, 3.125, 9.75], "texture": "#1"},
				"south": {"uv": [2, 12, 2.25, 12.25], "texture": "#1"},
				"west": {"uv": [9.5, 1, 10.625, 1.25], "texture": "#1"},
				"up": {"uv": [8, 9.5, 8.25, 10.625], "texture": "#1"},
				"down": {"uv": [8.5, 10.625, 8.75, 9.5], "texture": "#1"}
			}
		},
		{
			"name": "main",
			"from": [7.7063, 4.2402, 0],
			"to": [8.2937, 4.8144, 4.3166],
			"rotation": {"angle": 0, "axis": "y", "origin": [0, 0, 8]},
			"faces": {
				"north": {"uv": [12, 2, 12.25, 2.25], "texture": "#1"},
				"east": {"uv": [2, 9.5, 3.125, 9.75], "texture": "#1"},
				"south": {"uv": [2, 12, 2.25, 12.25], "texture": "#1"},
				"west": {"uv": [9.5, 1, 10.625, 1.25], "texture": "#1"},
				"up": {"uv": [8, 9.5, 8.25, 10.625], "texture": "#1"},
				"down": {"uv": [8.5, 10.625, 8.75, 9.5], "texture": "#1"}
			}
		},
		{
			"name": "main",
			"from": [7.9063, 4.0102, -4.0062],
			"to": [8.0937, 4.1844, 13.6104],
			"rotation": {"angle": 0, "axis": "y", "origin": [0, 0, 8]},
			"faces": {
				"north": {"uv": [12, 2, 12.25, 2.25], "texture": "#1"},
				"east": {"uv": [2, 9.5, 3.125, 9.75], "texture": "#1"},
				"south": {"uv": [2, 12, 2.25, 12.25], "texture": "#1"},
				"west": {"uv": [9.5, 1, 10.625, 1.25], "texture": "#1"},
				"up": {"uv": [8, 9.5, 8.25, 10.625], "texture": "#1"},
				"down": {"uv": [8.5, 10.625, 8.75, 9.5], "texture": "#1"}
			}
		},
		{
			"name": "main",
			"from": [7.8403, 3.95, -4.1],
			"to": [8.1597, 4.2562, -3.8684],
			"rotation": {"angle": 0, "axis": "y", "origin": [0, 0, 8]},
			"faces": {
				"north": {"uv": [11, 1.5, 11.375, 1.875], "texture": "#1"},
				"east": {"uv": [2, 11, 2.375, 11.375], "texture": "#1"},
				"south": {"uv": [1, 11, 1.375, 11.375], "texture": "#1"},
				"west": {"uv": [11, 1, 11.375, 1.375], "texture": "#1"},
				"up": {"uv": [11, 2, 11.375, 2.375], "texture": "#1"},
				"down": {"uv": [2.5, 11.375, 2.875, 11], "texture": "#1"}
			}
		},
		{
			"name": "main",
			"from": [7.5083, 4.9864, 0.4766],
			"to": [8.4917, 5.422, 19.7068],
			"rotation": {"angle": 0, "axis": "y", "origin": [0, 0, 8]},
			"faces": {
				"north": {"uv": [11.5, 0, 12, 0.25], "texture": "#1"},
				"east": {"uv": [6, 3, 9.75, 3.25], "texture": "#1"},
				"south": {"uv": [0.5, 11.5, 1, 11.75], "texture": "#1"},
				"west": {"uv": [6.5, 5.5, 10.25, 5.75], "texture": "#1"},
				"up": {"uv": [5, 3.5, 5.5, 7.25], "rotation": 180, "texture": "#1"},
				"down": {"uv": [1, 9.25, 1.5, 5.5], "rotation": 180, "texture": "#1"}
			}
		},
		{
			"name": "muzzleflash",
			"from": [7.99, 5.35, -3.65],
			"to": [7.99, 5.35, -3.65],
			"rotation": {"angle": 0, "axis": "y", "origin": [0, 0, 8]},
			"faces": {
				"north": {"uv": [14.5, 10, 15.125, 10.625], "texture": "#1"},
				"east": {"uv": [13.5, 14, 14.25, 14.625], "texture": "#1"},
				"south": {"uv": [14.5, 11, 15.125, 11.625], "texture": "#1"},
				"west": {"uv": [14.5, 0, 15.25, 0.625], "texture": "#1"},
				"up": {"uv": [15.125, 5.25, 14.5, 4.5], "texture": "#1"},
				"down": {"uv": [6.625, 14.5, 6, 15.25], "texture": "#1"}
			}
		},
		{
			"name": "group",
			"from": [7.6073, 5.0498, 15.0686],
			"to": [8.3927, 5.391, 18.3488],
			"rotation": {"angle": 0, "axis": "y", "origin": [0, 0, 9]},
			"faces": {
				"north": {"uv": [3, 11.5, 3.375, 11.75], "texture": "#1"},
				"east": {"uv": [8.5, 5, 10.125, 5.25], "texture": "#1"},
				"south": {"uv": [11.5, 2.5, 11.875, 2.75], "texture": "#1"},
				"west": {"uv": [8.5, 4.5, 10.125, 4.75], "texture": "#1"},
				"up": {"uv": [3.5, 8, 3.875, 9.625], "texture": "#1"},
				"down": {"uv": [7.5, 9.625, 7.875, 8], "texture": "#1"}
			}
		},
		{
			"name": "group",
			"from": [7.5413, 5.0498, 18.3554],
			"to": [8.4587, 5.457, 19.3256],
			"rotation": {"angle": 0, "axis": "y", "origin": [0, 0, 9]},
			"faces": {
				"north": {"uv": [11, 7.5, 11.5, 7.75], "texture": "#1"},
				"east": {"uv": [8, 11, 8.5, 11.25], "texture": "#1"},
				"south": {"uv": [5, 11, 5.5, 11.25], "texture": "#1"},
				"west": {"uv": [11, 7, 11.5, 7.25], "texture": "#1"},
				"up": {"uv": [9.5, 3.5, 10, 4], "texture": "#1"},
				"down": {"uv": [9.5, 4.5, 10, 4], "texture": "#1"}
			}
		},
		{
			"name": "group",
			"from": [7.6093, -1.02133, 20.43879],
			"to": [8.3907, 0.05787, 20.54199],
			"rotation": {"angle": -22.5, "axis": "x", "origin": [0, -3.7, 8.8]},
			"faces": {
				"north": {"uv": [3, 10, 3.375, 10.625], "texture": "#1"},
				"east": {"uv": [11.5, 4.5, 11.625, 5.125], "texture": "#1"},
				"south": {"uv": [2.5, 10, 2.875, 10.625], "texture": "#1"},
				"west": {"uv": [4.5, 11.5, 4.625, 12.125], "texture": "#1"},
				"up": {"uv": [8, 12, 8.375, 12.125], "texture": "#1"},
				"down": {"uv": [12, 8.125, 12.375, 8], "texture": "#1"}
			}
		},
		{
			"name": "group",
			"from": [7.6093, 5.97867, 14.43879],
			"to": [8.3907, 7.05787, 14.54199],
			"rotation": {"angle": 22.5, "axis": "x", "origin": [0, -3.7, 8.8]},
			"faces": {
				"north": {"uv": [3, 10, 3.375, 10.625], "texture": "#1"},
				"east": {"uv": [11.5, 4.5, 11.625, 5.125], "texture": "#1"},
				"south": {"uv": [2.5, 10, 2.875, 10.625], "texture": "#1"},
				"west": {"uv": [4.5, 11.5, 4.625, 12.125], "texture": "#1"},
				"up": {"uv": [8, 12, 8.375, 12.125], "texture": "#1"},
				"down": {"uv": [12, 8.125, 12.375, 8], "texture": "#1"}
			}
		},
		{
			"name": "group",
			"from": [7.6093, 3.23879, 18.54213],
			"to": [8.3907, 3.34199, 19.92133],
			"rotation": {"angle": 0, "axis": "y", "origin": [0, -3.7, 8.8]},
			"faces": {
				"north": {"uv": [8, 12, 8.375, 12.125], "rotation": 180, "texture": "#1"},
				"east": {"uv": [11.5, 4.5, 11.625, 5.125], "rotation": 90, "texture": "#1"},
				"south": {"uv": [12, 8.125, 12.375, 8], "texture": "#1"},
				"west": {"uv": [4.5, 11.5, 4.625, 12.125], "rotation": 270, "texture": "#1"},
				"up": {"uv": [2.5, 10, 2.875, 10.625], "texture": "#1"},
				"down": {"uv": [3, 10, 3.375, 10.625], "rotation": 180, "texture": "#1"}
			}
		},
		{
			"name": "group",
			"from": [7.6093, 3.22965, 19.84297],
			"to": [8.3907, 4.50885, 19.94617],
			"rotation": {"angle": 0, "axis": "y", "origin": [0, -3.7, 8.8]},
			"faces": {
				"north": {"uv": [0, 11, 0.375, 11.375], "texture": "#1"},
				"east": {"uv": [12, 9.5, 12.125, 9.875], "texture": "#1"},
				"south": {"uv": [10.5, 10.5, 10.875, 10.875], "texture": "#1"},
				"west": {"uv": [9.5, 12, 9.625, 12.375], "texture": "#1"},
				"up": {"uv": [10, 12, 10.375, 12.125], "texture": "#1"},
				"down": {"uv": [12, 10.125, 12.375, 10], "texture": "#1"}
			}
		},
		{
			"name": "group",
			"from": [7.8593, 3.40367, 19.31379],
			"to": [8.1407, 3.98287, 19.41699],
			"rotation": {"angle": 0, "axis": "y", "origin": [8, -0.76131, 20.52208]},
			"faces": {
				"north": {"uv": [9, 12, 9.125, 12.375], "texture": "#1"},
				"east": {"uv": [12, 9, 12.125, 9.375], "texture": "#1"},
				"south": {"uv": [8.5, 12, 8.625, 12.375], "texture": "#1"},
				"west": {"uv": [12, 8.5, 12.125, 8.875], "texture": "#1"},
				"up": {"uv": [2, 13, 2.125, 13.125], "texture": "#1"},
				"down": {"uv": [13, 2.125, 13.125, 2], "texture": "#1"}
			}
		},
		{
			"name": "cantolan2",
			"from": [7.5084, 4.248, 26.9],
			"to": [8.4916, 4.5542, 27.2],
			"rotation": {"angle": 0, "axis": "y", "origin": [0, 0.1, 7.4]},
			"faces": {
				"north": {"uv": [4, 12.5, 4.25, 12.625], "texture": "#1"},
				"east": {"uv": [13, 3, 13.125, 3.125], "texture": "#1"},
				"south": {"uv": [12.5, 3.5, 12.75, 3.625], "texture": "#1"},
				"west": {"uv": [3, 13, 3.125, 13.125], "texture": "#1"},
				"up": {"uv": [12.5, 4, 12.75, 4.125], "texture": "#1"},
				"down": {"uv": [4.5, 12.625, 4.75, 12.5], "texture": "#1"}
			}
		},
		{
			"name": "cantolan",
			"from": [7.7583, 4.209, 5.3932],
			"to": [8.2417, 4.5152, 5.6932],
			"rotation": {"angle": 0, "axis": "y", "origin": [0, 0, 8]},
			"faces": {
				"north": {"uv": [5, 12.5, 5.25, 12.625], "texture": "#1"},
				"east": {"uv": [13, 3.5, 13.125, 3.625], "texture": "#1"},
				"south": {"uv": [12.5, 4.5, 12.75, 4.625], "texture": "#1"},
				"west": {"uv": [3.5, 13, 3.625, 13.125], "texture": "#1"},
				"up": {"uv": [12.5, 5, 12.75, 5.125], "texture": "#1"},
				"down": {"uv": [5.5, 12.625, 5.75, 12.5], "texture": "#1"}
			}
		},
		{
			"name": "right",
			"from": [0, 0, 8],
			"to": [0, 12, 8],
			"rotation": {"angle": 0, "axis": "y", "origin": [0, 0, 8]},
			"faces": {
				"north": {"uv": [0, 0, 0, 0], "texture": "#1"},
				"east": {"uv": [0, 0, 0, 0], "texture": "#1"},
				"south": {"uv": [0, 0, 0, 0], "texture": "#1"},
				"west": {"uv": [0, 0, 0, 0], "texture": "#1"},
				"up": {"uv": [0, 0, 0, 0], "texture": "#1"},
				"down": {"uv": [0, 0, 0, 0], "texture": "#1"}
			}
		},
		{
			"name": "left",
			"from": [0, 0, 8],
			"to": [0, 12, 8],
			"rotation": {"angle": 0, "axis": "y", "origin": [0, 0, 8]},
			"faces": {
				"north": {"uv": [0, 0, 0, 0], "texture": "#1"},
				"east": {"uv": [0, 0, 0, 0], "texture": "#1"},
				"south": {"uv": [0, 0, 0, 0], "texture": "#1"},
				"west": {"uv": [0, 0, 0, 0], "texture": "#1"},
				"up": {"uv": [0, 0, 0, 0], "texture": "#1"},
				"down": {"uv": [0, 0, 0, 0], "texture": "#1"}
			}
		},
		{
			"name": "bolt",
			"from": [7.5413, 5.0498, 19.3256],
			"to": [8.4587, 5.557, 19.6458],
			"rotation": {"angle": 0, "axis": "y", "origin": [0, 0, 9]},
			"faces": {
				"north": {"uv": [8.5, 11, 9, 11.25], "texture": "#1"},
				"east": {"uv": [0, 12.5, 0.125, 12.75], "texture": "#1"},
				"south": {"uv": [11, 8, 11.5, 8.25], "texture": "#1"},
				"west": {"uv": [12, 12, 12.125, 12.25], "texture": "#1"},
				"up": {"uv": [11.5, 5.5, 12, 5.625], "texture": "#1"},
				"down": {"uv": [6.5, 11.625, 7, 11.5], "texture": "#1"}
			}
		},
		{
			"name": "handle",
			"from": [8.44429, 5.0752, 19.3256],
			"to": [8.61169, 5.4824, 19.6458],
			"rotation": {"angle": 0, "axis": "y", "origin": [0, 0, 9]},
			"faces": {
				"north": {"uv": [12.5, 2, 12.625, 2.25], "texture": "#1"},
				"east": {"uv": [2.5, 12.5, 2.625, 12.75], "texture": "#1"},
				"south": {"uv": [12.5, 1.5, 12.625, 1.75], "texture": "#1"},
				"west": {"uv": [2, 12.5, 2.125, 12.75], "texture": "#1"},
				"up": {"uv": [12.5, 7, 12.625, 7.125], "texture": "#1"},
				"down": {"uv": [7.5, 12.625, 7.625, 12.5], "texture": "#1"}
			}
		},
		{
			"name": "handle",
			"from": [8.3565, 5.3017, 19.3266],
			"to": [8.5867, 5.9671, 19.6448],
			"rotation": {"angle": 0, "axis": "y", "origin": [8.69118, 4.93598, 19.47875]},
			"faces": {
				"north": {"uv": [5.5, 12, 5.625, 12.375], "rotation": 180, "texture": "#1"},
				"east": {"uv": [12, 5, 12.125, 5.375], "rotation": 180, "texture": "#1"},
				"south": {"uv": [5, 12, 5.125, 12.375], "rotation": 180, "texture": "#1"},
				"west": {"uv": [12, 5.5, 12.125, 5.875], "rotation": 180, "texture": "#1"},
				"up": {"uv": [8, 12.625, 8.125, 12.5], "rotation": 180, "texture": "#1"},
				"down": {"uv": [12.5, 7.5, 12.625, 7.625], "rotation": 180, "texture": "#1"}
			}
		},
		{
			"name": "handle",
			"from": [8.3065, 3.9017, 16.9266],
			"to": [8.5367, 5.1671, 20.2448],
			"rotation": {"angle": 0, "axis": "y", "origin": [8.69118, 4.93598, 19.47875]},
			"faces": {
				"north": {"uv": [5.5, 12, 5.625, 12.375], "rotation": 180, "texture": "#1"},
				"east": {"uv": [12.875, 7.5, 13.875, 8.125], "rotation": 180, "texture": "#1"},
				"south": {"uv": [5, 12, 5.125, 12.375], "rotation": 180, "texture": "#1"},
				"west": {"uv": [12, 5.5, 12.125, 5.875], "rotation": 180, "texture": "#1"},
				"up": {"uv": [8, 12.625, 8.125, 12.5], "rotation": 180, "texture": "#1"},
				"down": {"uv": [12.5, 7.5, 12.625, 7.625], "rotation": 180, "texture": "#1"}
			}
		},
		{
			"name": "handle",
			"from": [8.3565, 5.7617, 19.6799],
			"to": [8.5867, 6.4271, 19.9981],
			"rotation": {"angle": -22.5, "axis": "x", "origin": [8.69118, 4.93598, 19.47875]},
			"faces": {
				"north": {"uv": [5.5, 12, 5.625, 12.375], "rotation": 180, "texture": "#1"},
				"east": {"uv": [12, 5, 12.125, 5.375], "rotation": 180, "texture": "#1"},
				"south": {"uv": [5, 12, 5.125, 12.375], "rotation": 180, "texture": "#1"},
				"west": {"uv": [12, 5.5, 12.125, 5.875], "rotation": 180, "texture": "#1"},
				"up": {"uv": [8, 12.625, 8.125, 12.5], "rotation": 180, "texture": "#1"},
				"down": {"uv": [12.5, 7.5, 12.625, 7.625], "rotation": 180, "texture": "#1"}
			}
		},
		{
			"name": "eject",
			"from": [8.49, 5.35, 15.7],
			"to": [8.49, 5.35, 15.7],
			"rotation": {"angle": 0, "axis": "y", "origin": [0, 0, 8]},
			"faces": {
				"north": {"uv": [14.5, 10, 15.125, 10.625], "texture": "#1"},
				"east": {"uv": [13.5, 14, 14.25, 14.625], "texture": "#1"},
				"south": {"uv": [14.5, 11, 15.125, 11.625], "texture": "#1"},
				"west": {"uv": [14.5, 0, 15.25, 0.625], "texture": "#1"},
				"up": {"uv": [15.125, 5.25, 14.5, 4.5], "texture": "#1"},
				"down": {"uv": [6.625, 14.5, 6, 15.25], "texture": "#1"}
			}
		}
	],
	"display": {
		"thirdperson_righthand": {
			"translation": [0, 6.15, -5],
			"scale": [1.45, 1.4, 1.09]
		},
		"thirdperson_lefthand": {
			"translation": [0, 6.15, -5],
			"scale": [1.45, 1.4, 1.09]
		},
		"firstperson_righthand": {
			"rotation": [0, 5, 12.5],
			"translation": [-7.5, 9.25, -4.75]
		},
		"firstperson_lefthand": {
			"rotation": [0, 5, 12.5],
			"translation": [-7.5, 9.25, -4.75]
		},
		"ground": {
			"scale": [1.2, 1.2, 1.2]
		},
		"gui": {
			"rotation": [44, -52, 24],
			"translation": [4, 7.75, 0],
			"scale": [1.1, 1.1, 1.1]
		},
		"head": {
			"rotation": [89, 5, 86],
			"translation": [-13.25, -4.25, 5.25],
			"scale": [1.9, 1.9, 1.9]
		},
		"fixed": {
			"rotation": [-70, 156, 94],
			"translation": [-0.75, 26.75, 4.75],
			"scale": [2, 2.4, 2.1]
		}
	},
	"groups": [
		{
			"name": "main",
			"origin": [16, 8, 16],
			"color": 0,
			"nbt": "{}",
			"children": [
				0,
				1,
				2,
				3,
				4,
				5,
				6,
				7,
				8,
				9,
				10,
				11,
				12,
				{
					"name": "sticker0",
					"origin": [15.48, 4.92501, 12.46236],
					"color": 1,
					"nbt": "{}",
					"children": []
				},
				{
					"name": "sticker1",
					"origin": [15.48, 4.29893, 15.47868],
					"color": 2,
					"nbt": "{}",
					"children": []
				},
				{
					"name": "sticker2",
					"origin": [15.48, 4.29893, 18.47868],
					"color": 3,
					"nbt": "{}",
					"children": []
				},
				{
					"name": "muzzleflash",
					"origin": [15.99, 5.35, -3.65],
					"color": 4,
					"nbt": "{}",
					"children": [13]
				},
				{
					"name": "group",
					"origin": [16, 2.78937, 3.8486],
					"color": 6,
					"nbt": "{}",
					"children": [14, 15, 16, 17, 18, 19, 20]
				},
				{
					"name": "cantolan2",
					"origin": [15.7822, 2.85325, 4.9199],
					"color": 7,
					"nbt": "{}",
					"children": [
						21,
						{
							"name": "wobble2",
							"origin": [16, 0.49765, 28.45292],
							"color": 8,
							"nbt": "{}",
							"children": []
						}
					]
				},
				{
					"name": "cantolan",
					"origin": [16.0322, 2.85325, 4.9199],
					"color": 9,
					"nbt": "{}",
					"children": [
						22,
						{
							"name": "wobble",
							"origin": [16, 4.3184, 5.5442],
							"color": 0,
							"nbt": "{}",
							"children": []
						}
					]
				},
				{
					"name": "arms",
					"origin": [19.5625, 2.7491, 21.18696],
					"color": 1,
					"nbt": "{}",
					"children": [
						{
							"name": "right",
							"origin": [10, 6, 10],
							"color": 2,
							"nbt": "{}",
							"children": [23]
						},
						{
							"name": "left",
							"origin": [10, 6, 10],
							"color": 3,
							"nbt": "{}",
							"children": [24]
						}
					]
				},
				{
					"name": "bolt",
					"origin": [16, 5.29484, 19.02994],
					"color": 4,
					"nbt": "{}",
					"children": [
						25,
						{
							"name": "handle",
							"origin": [15.975, 5.20742, 18.88348],
							"color": 5,
							"nbt": "{}",
							"children": [26, 27, 28, 29]
						}
					]
				},
				{
					"name": "eject",
					"origin": [16.49, 5.35, 15.7],
					"color": 6,
					"nbt": "{}",
					"children": [30]
				}
			]
		}
	]
}