{
	"credit": "Made with Blockbench",
	"parent": "minecraft:block/cube_bottom_top",
	"textures": {
		"0": "./chain",
		"1": "./barrel_side",
		"particle": "./chain"
	},
	"elements": [
		{
			"from": [3, 0, 3],
			"to": [13, 15, 13],
			"faces": {
				"north": {"uv": [0, 0, 10, 15], "texture": "#1"},
				"east": {"uv": [0, 0, 10, 15], "texture": "#1"},
				"south": {"uv": [0, 0, 10, 15], "texture": "#1"},
				"west": {"uv": [0, 0, 10, 15], "texture": "#1"},
				"up": {"uv": [0, 0, 10, 10], "texture": "#1"},
				"down": {"uv": [0, 0, 10, 10], "texture": "#1"}
			}
		},
		{
			"from": [2, 0, 3],
			"to": [3, 16, 13],
			"faces": {
				"north": {"uv": [0, 0, 1, 16], "texture": "#1"},
				"east": {"uv": [0, 0, 10, 16], "texture": "#1"},
				"south": {"uv": [0, 0, 1, 16], "texture": "#1"},
				"west": {"uv": [0, 0, 10, 16], "texture": "#1"},
				"up": {"uv": [0, 0, 1, 10], "texture": "#1"},
				"down": {"uv": [0, 0, 1, 10], "texture": "#1"}
			}
		},
		{
			"from": [13, 0, 3],
			"to": [14, 16, 13],
			"faces": {
				"north": {"uv": [0, 0, 1, 16], "texture": "#1"},
				"east": {"uv": [0, 0, 10, 16], "texture": "#1"},
				"south": {"uv": [0, 0, 1, 16], "texture": "#1"},
				"west": {"uv": [0, 0, 10, 16], "texture": "#1"},
				"up": {"uv": [0, 0, 1, 10], "texture": "#1"},
				"down": {"uv": [0, 0, 1, 10], "texture": "#1"}
			}
		},
		{
			"from": [3, 0, 2],
			"to": [13, 16, 3],
			"faces": {
				"north": {"uv": [0, 0, 10, 16], "texture": "#1"},
				"east": {"uv": [0, 0, 1, 16], "texture": "#1"},
				"south": {"uv": [0, 0, 10, 16], "texture": "#1"},
				"west": {"uv": [0, 0, 1, 16], "texture": "#1"},
				"up": {"uv": [0, 0, 1, 10], "rotation": 90, "texture": "#1"},
				"down": {"uv": [0, 0, 1, 10], "rotation": 270, "texture": "#1"}
			}
		},
		{
			"from": [3, 0, 13],
			"to": [13, 16, 14],
			"faces": {
				"north": {"uv": [0, 0, 10, 16], "texture": "#1"},
				"east": {"uv": [0, 0, 1, 16], "texture": "#1"},
				"south": {"uv": [0, 0, 10, 16], "texture": "#1"},
				"west": {"uv": [0, 0, 1, 16], "texture": "#1"},
				"up": {"uv": [0, 0, 1, 10], "rotation": 90, "texture": "#1"},
				"down": {"uv": [0, 0, 1, 10], "rotation": 270, "texture": "#1"}
			}
		},
		{
			"from": [1, 0, 5],
			"to": [2, 16, 11],
			"faces": {
				"north": {"uv": [0, 0, 1, 16], "texture": "#1"},
				"east": {"uv": [0, 0, 6, 16], "texture": "#1"},
				"south": {"uv": [0, 0, 1, 16], "texture": "#1"},
				"west": {"uv": [0, 0, 6, 16], "texture": "#1"},
				"up": {"uv": [0, 0, 1, 6], "texture": "#1"},
				"down": {"uv": [0, 0, 1, 6], "texture": "#1"}
			}
		},
		{
			"from": [14, 0, 5],
			"to": [15, 16, 11],
			"faces": {
				"north": {"uv": [0, 0, 1, 16], "texture": "#1"},
				"east": {"uv": [0, 0, 6, 16], "texture": "#1"},
				"south": {"uv": [0, 0, 1, 16], "texture": "#1"},
				"west": {"uv": [0, 0, 6, 16], "texture": "#1"},
				"up": {"uv": [0, 0, 1, 6], "texture": "#1"},
				"down": {"uv": [0, 0, 1, 6], "texture": "#1"}
			}
		},
		{
			"from": [5, 0, 1],
			"to": [11, 16, 2],
			"faces": {
				"north": {"uv": [0, 0, 6, 16], "texture": "#1"},
				"east": {"uv": [0, 0, 1, 16], "texture": "#1"},
				"south": {"uv": [0, 0, 6, 16], "texture": "#1"},
				"west": {"uv": [0, 0, 1, 16], "texture": "#1"},
				"up": {"uv": [0, 0, 1, 6], "rotation": 270, "texture": "#1"},
				"down": {"uv": [0, 0, 1, 6], "rotation": 90, "texture": "#1"}
			}
		},
		{
			"from": [5, 0, 14],
			"to": [11, 16, 15],
			"faces": {
				"north": {"uv": [0, 0, 6, 16], "texture": "#1"},
				"east": {"uv": [0, 0, 1, 16], "texture": "#1"},
				"south": {"uv": [0, 0, 6, 16], "texture": "#1"},
				"west": {"uv": [0, 0, 1, 16], "texture": "#1"},
				"up": {"uv": [0, 0, 1, 6], "rotation": 270, "texture": "#1"},
				"down": {"uv": [0, 0, 1, 6], "rotation": 90, "texture": "#1"}
			}
		},
		{
			"from": [5, 15, 7],
			"to": [7, 16, 9],
			"faces": {
				"north": {"uv": [0, 0, 2, 1], "texture": "#0"},
				"east": {"uv": [0, 0, 2, 1], "texture": "#0"},
				"south": {"uv": [0, 0, 2, 1], "texture": "#0"},
				"west": {"uv": [0, 0, 2, 1], "texture": "#0"},
				"up": {"uv": [0, 0, 2, 2], "texture": "#0"},
				"down": {"uv": [0, 0, 2, 2], "texture": "#0"}
			}
		},
		{
			"from": [5, 2, 0.7],
			"to": [11, 2.5, 1],
			"faces": {
				"north": {"uv": [0, 0, 6, 0.5], "texture": "#0"},
				"east": {"uv": [0, 0, 0.3, 0.5], "texture": "#0"},
				"south": {"uv": [0, 0, 6, 0.5], "texture": "#0"},
				"west": {"uv": [0, 0, 0.3, 0.5], "texture": "#0"},
				"up": {"uv": [0, 0, 6, 0.3], "texture": "#0"},
				"down": {"uv": [0, 0, 6, 0.3], "texture": "#0"}
			}
		},
		{
			"from": [5, 2, 0.7],
			"to": [11, 2.5, 1],
			"faces": {
				"north": {"uv": [0, 0, 6, 0.5], "texture": "#0"},
				"east": {"uv": [0, 0, 0.3, 0.5], "texture": "#0"},
				"south": {"uv": [0, 0, 6, 0.5], "texture": "#0"},
				"west": {"uv": [0, 0, 0.3, 0.5], "texture": "#0"},
				"up": {"uv": [0, 0, 6, 0.3], "texture": "#0"},
				"down": {"uv": [0, 0, 6, 0.3], "texture": "#0"}
			}
		},
		{
			"from": [13, 2, 2],
			"to": [13.3, 2.5, 14],
			"color": 9,
			"faces": {
				"north": {"uv": [0, 0, 0.3, 0.5], "texture": "#missing"},
				"east": {"uv": [0, 0, 12, 0.5], "texture": "#missing"},
				"south": {"uv": [0, 0, 0.3, 0.5], "texture": "#missing"},
				"west": {"uv": [0, 0, 12, 0.5], "texture": "#missing"},
				"up": {"uv": [0, 0, 12, 0.3], "rotation": 90, "texture": "#missing"},
				"down": {"uv": [0, 0, 12, 0.3], "rotation": 270, "texture": "#missing"}
			}
		},
		{
			"from": [14, 2, 3],
			"to": [14.3, 2.5, 13],
			"faces": {
				"north": {"uv": [0, 0, 0.3, 0.5], "texture": "#0"},
				"east": {"uv": [0, 0, 10, 0.5], "texture": "#0"},
				"south": {"uv": [0, 0, 0.3, 0.5], "texture": "#0"},
				"west": {"uv": [0, 0, 10, 0.5], "texture": "#0"},
				"up": {"uv": [0, 0, 10, 0.3], "rotation": 90, "texture": "#0"},
				"down": {"uv": [0, 0, 10, 0.3], "rotation": 270, "texture": "#0"}
			}
		},
		{
			"from": [15, 2, 5],
			"to": [15.3, 2.5, 11],
			"faces": {
				"north": {"uv": [0, 0, 0.3, 0.5], "texture": "#0"},
				"east": {"uv": [0, 0, 6, 0.5], "texture": "#0"},
				"south": {"uv": [0, 0, 0.3, 0.5], "texture": "#0"},
				"west": {"uv": [0, 0, 6, 0.5], "texture": "#0"},
				"up": {"uv": [0, 0, 6, 0.3], "rotation": 90, "texture": "#0"},
				"down": {"uv": [0, 0, 6, 0.3], "rotation": 270, "texture": "#0"}
			}
		},
		{
			"from": [4.7, 2, 1],
			"to": [5, 2.5, 15],
			"faces": {
				"north": {"uv": [0, 0, 0.3, 0.5], "texture": "#0"},
				"east": {"uv": [0, 0, 14, 0.5], "texture": "#0"},
				"south": {"uv": [0, 0, 0.3, 0.5], "texture": "#0"},
				"west": {"uv": [0, 0, 14, 0.5], "texture": "#0"},
				"up": {"uv": [0, 0, 14, 0.3], "rotation": 270, "texture": "#0"},
				"down": {"uv": [0, 0, 14, 0.3], "rotation": 90, "texture": "#0"}
			}
		},
		{
			"from": [2.7, 2, 2],
			"to": [3, 2.5, 14],
			"faces": {
				"north": {"uv": [0, 0, 0.3, 0.5], "texture": "#0"},
				"east": {"uv": [0, 0, 12, 0.5], "texture": "#0"},
				"south": {"uv": [0, 0, 0.3, 0.5], "texture": "#0"},
				"west": {"uv": [0, 0, 12, 0.5], "texture": "#0"},
				"up": {"uv": [0, 0, 12, 0.3], "rotation": 270, "texture": "#0"},
				"down": {"uv": [0, 0, 12, 0.3], "rotation": 90, "texture": "#0"}
			}
		},
		{
			"from": [1.7, 2, 3],
			"to": [2, 2.5, 13],
			"faces": {
				"north": {"uv": [0, 0, 0.3, 0.5], "texture": "#0"},
				"east": {"uv": [0, 0, 10, 0.5], "texture": "#0"},
				"south": {"uv": [0, 0, 0.3, 0.5], "texture": "#0"},
				"west": {"uv": [0, 0, 10, 0.5], "texture": "#0"},
				"up": {"uv": [0, 0, 10, 0.3], "rotation": 270, "texture": "#0"},
				"down": {"uv": [0, 0, 10, 0.3], "rotation": 90, "texture": "#0"}
			}
		},
		{
			"from": [3, 2, 1.7],
			"to": [13, 2.5, 2],
			"color": 9,
			"faces": {
				"north": {"uv": [0, 0, 10, 0.5], "texture": "#missing"},
				"east": {"uv": [0, 0, 0.3, 0.5], "texture": "#missing"},
				"south": {"uv": [0, 0, 10, 0.5], "texture": "#missing"},
				"west": {"uv": [0, 0, 0.3, 0.5], "texture": "#missing"},
				"up": {"uv": [0, 0, 10, 0.3], "texture": "#missing"},
				"down": {"uv": [0, 0, 10, 0.3], "texture": "#missing"}
			}
		},
		{
			"from": [0.7, 2, 5],
			"to": [1, 2.5, 11],
			"faces": {
				"north": {"uv": [0, 0, 0.3, 0.5], "texture": "#0"},
				"east": {"uv": [0, 0, 6, 0.5], "texture": "#0"},
				"south": {"uv": [0, 0, 0.3, 0.5], "texture": "#0"},
				"west": {"uv": [0, 0, 6, 0.5], "texture": "#0"},
				"up": {"uv": [0, 0, 6, 0.3], "rotation": 270, "texture": "#0"},
				"down": {"uv": [0, 0, 6, 0.3], "rotation": 90, "texture": "#0"}
			}
		},
		{
			"from": [2, 2, 2.7],
			"to": [14, 2.5, 3],
			"faces": {
				"north": {"uv": [0, 0, 12, 0.5], "texture": "#0"},
				"east": {"uv": [0, 0, 0.3, 0.5], "texture": "#0"},
				"south": {"uv": [0, 0, 12, 0.5], "texture": "#0"},
				"west": {"uv": [0, 0, 0.3, 0.5], "texture": "#0"},
				"up": {"uv": [0, 0, 12, 0.3], "texture": "#0"},
				"down": {"uv": [0, 0, 12, 0.3], "texture": "#0"}
			}
		},
		{
			"from": [1, 2, 4.7],
			"to": [15, 2.5, 5],
			"faces": {
				"north": {"uv": [0, 0, 14, 0.5], "texture": "#0"},
				"east": {"uv": [0, 0, 0.3, 0.5], "texture": "#0"},
				"south": {"uv": [0, 0, 14, 0.5], "texture": "#0"},
				"west": {"uv": [0, 0, 0.3, 0.5], "texture": "#0"},
				"up": {"uv": [0, 0, 14, 0.3], "texture": "#0"},
				"down": {"uv": [0, 0, 14, 0.3], "texture": "#0"}
			}
		},
		{
			"from": [3, 2, 14],
			"to": [13, 2.5, 14.3],
			"faces": {
				"north": {"uv": [0, 0, 10, 0.5], "texture": "#0"},
				"east": {"uv": [0, 0, 0.3, 0.5], "texture": "#0"},
				"south": {"uv": [0, 0, 10, 0.5], "texture": "#0"},
				"west": {"uv": [0, 0, 0.3, 0.5], "texture": "#0"},
				"up": {"uv": [0, 0, 10, 0.3], "rotation": 180, "texture": "#0"},
				"down": {"uv": [0, 0, 10, 0.3], "rotation": 180, "texture": "#0"}
			}
		},
		{
			"from": [5, 2, 15],
			"to": [11, 2.5, 15.3],
			"faces": {
				"north": {"uv": [0, 0, 6, 0.5], "texture": "#missing"},
				"east": {"uv": [0, 0, 0.3, 0.5], "texture": "#missing"},
				"south": {"uv": [0, 0, 6, 0.5], "texture": "#missing"},
				"west": {"uv": [0, 0, 0.3, 0.5], "texture": "#0"},
				"up": {"uv": [0, 0, 6, 0.3], "rotation": 180, "texture": "#missing"},
				"down": {"uv": [0, 0, 6, 0.3], "rotation": 180, "texture": "#missing"}
			}
		},
		{
			"from": [2, 2, 13],
			"to": [14, 2.5, 13.3],
			"faces": {
				"north": {"uv": [0, 0, 12, 0.5], "texture": "#missing"},
				"east": {"uv": [0, 0, 0.3, 0.5], "texture": "#missing"},
				"south": {"uv": [0, 0, 12, 0.5], "texture": "#missing"},
				"west": {"uv": [0, 0, 0.3, 0.5], "texture": "#0"},
				"up": {"uv": [0, 0, 12, 0.3], "rotation": 180, "texture": "#missing"},
				"down": {"uv": [0, 0, 12, 0.3], "rotation": 180, "texture": "#missing"}
			}
		},
		{
			"from": [1, 2, 11],
			"to": [15, 2.5, 11.3],
			"faces": {
				"north": {"uv": [0, 0, 14, 0.5], "texture": "#missing"},
				"east": {"uv": [0, 0, 0.3, 0.5], "texture": "#missing"},
				"south": {"uv": [0, 0, 14, 0.5], "texture": "#missing"},
				"west": {"uv": [0, 0, 0.3, 0.5], "texture": "#0"},
				"up": {"uv": [0, 0, 14, 0.3], "rotation": 180, "texture": "#missing"},
				"down": {"uv": [0, 0, 14, 0.3], "rotation": 180, "texture": "#missing"}
			}
		},
		{
			"from": [11, 2, 1],
			"to": [11.3, 2.5, 15],
			"faces": {
				"north": {"uv": [0, 0, 0.3, 0.5], "texture": "#missing"},
				"east": {"uv": [0, 0, 14, 0.5], "texture": "#missing"},
				"south": {"uv": [0, 0, 0.3, 0.5], "texture": "#missing"},
				"west": {"uv": [0, 0, 14, 0.5], "texture": "#0"},
				"up": {"uv": [0, 0, 14, 0.3], "rotation": 90, "texture": "#missing"},
				"down": {"uv": [0, 0, 14, 0.3], "rotation": 270, "texture": "#missing"}
			}
		},
		{
			"from": [4.7, 2, 1],
			"to": [5, 2.5, 15],
			"color": 9,
			"faces": {
				"north": {"uv": [0, 0, 0.3, 0.5], "texture": "#missing"},
				"east": {"uv": [0, 0, 14, 0.5], "texture": "#missing"},
				"south": {"uv": [0, 0, 0.3, 0.5], "texture": "#missing"},
				"west": {"uv": [0, 0, 14, 0.5], "texture": "#missing"},
				"up": {"uv": [0, 0, 14, 0.3], "rotation": 270, "texture": "#missing"},
				"down": {"uv": [0, 0, 14, 0.3], "rotation": 90, "texture": "#missing"}
			}
		},
		{
			"from": [2.7, 2, 2],
			"to": [3, 2.5, 14],
			"color": 9,
			"faces": {
				"north": {"uv": [0, 0, 0.3, 0.5], "texture": "#missing"},
				"east": {"uv": [0, 0, 12, 0.5], "texture": "#missing"},
				"south": {"uv": [0, 0, 0.3, 0.5], "texture": "#missing"},
				"west": {"uv": [0, 0, 12, 0.5], "texture": "#missing"},
				"up": {"uv": [0, 0, 12, 0.3], "rotation": 270, "texture": "#missing"},
				"down": {"uv": [0, 0, 12, 0.3], "rotation": 90, "texture": "#missing"}
			}
		},
		{
			"from": [1.7, 2, 3],
			"to": [2, 2.5, 13],
			"faces": {
				"north": {"uv": [0, 0, 0.3, 0.5], "texture": "#0"},
				"east": {"uv": [0, 0, 10, 0.5], "texture": "#0"},
				"south": {"uv": [0, 0, 0.3, 0.5], "texture": "#0"},
				"west": {"uv": [0, 0, 10, 0.5], "texture": "#0"},
				"up": {"uv": [0, 0, 10, 0.3], "rotation": 270, "texture": "#0"},
				"down": {"uv": [0, 0, 10, 0.3], "rotation": 90, "texture": "#0"}
			}
		},
		{
			"from": [0.7, 2, 5],
			"to": [1, 2.5, 11],
			"color": 9,
			"faces": {
				"north": {"uv": [0, 0, 0.3, 0.5], "texture": "#missing"},
				"east": {"uv": [0, 0, 6, 0.5], "texture": "#missing"},
				"south": {"uv": [0, 0, 0.3, 0.5], "texture": "#missing"},
				"west": {"uv": [0, 0, 6, 0.5], "texture": "#missing"},
				"up": {"uv": [0, 0, 6, 0.3], "rotation": 270, "texture": "#missing"},
				"down": {"uv": [0, 0, 6, 0.3], "rotation": 90, "texture": "#missing"}
			}
		},
		{
			"from": [11, 2, 1],
			"to": [11.3, 2.5, 15],
			"faces": {
				"north": {"uv": [0, 0, 0.3, 0.5], "texture": "#0"},
				"east": {"uv": [0, 0, 14, 0.5], "texture": "#0"},
				"south": {"uv": [0, 0, 0.3, 0.5], "texture": "#0"},
				"west": {"uv": [0, 0, 14, 0.5], "texture": "#0"},
				"up": {"uv": [0, 0, 14, 0.3], "rotation": 90, "texture": "#0"},
				"down": {"uv": [0, 0, 14, 0.3], "rotation": 270, "texture": "#0"}
			}
		},
		{
			"from": [13, 2, 2],
			"to": [13.3, 2.5, 14],
			"faces": {
				"north": {"uv": [0, 0, 0.3, 0.5], "texture": "#0"},
				"east": {"uv": [0, 0, 12, 0.5], "texture": "#0"},
				"south": {"uv": [0, 0, 0.3, 0.5], "texture": "#0"},
				"west": {"uv": [0, 0, 12, 0.5], "texture": "#0"},
				"up": {"uv": [0, 0, 12, 0.3], "rotation": 90, "texture": "#0"},
				"down": {"uv": [0, 0, 12, 0.3], "rotation": 270, "texture": "#0"}
			}
		},
		{
			"from": [14, 2, 3],
			"to": [14.3, 2.5, 13],
			"color": 9,
			"faces": {
				"north": {"uv": [0, 0, 0.3, 0.5], "texture": "#missing"},
				"east": {"uv": [0, 0, 10, 0.5], "texture": "#missing"},
				"south": {"uv": [0, 0, 0.3, 0.5], "texture": "#missing"},
				"west": {"uv": [0, 0, 10, 0.5], "texture": "#missing"},
				"up": {"uv": [0, 0, 10, 0.3], "rotation": 90, "texture": "#missing"},
				"down": {"uv": [0, 0, 10, 0.3], "rotation": 270, "texture": "#missing"}
			}
		},
		{
			"from": [15, 2, 5],
			"to": [15.3, 2.5, 11],
			"color": 9,
			"faces": {
				"north": {"uv": [0, 0, 0.3, 0.5], "texture": "#missing"},
				"east": {"uv": [0, 0, 6, 0.5], "texture": "#missing"},
				"south": {"uv": [0, 0, 0.3, 0.5], "texture": "#missing"},
				"west": {"uv": [0, 0, 6, 0.5], "texture": "#missing"},
				"up": {"uv": [0, 0, 6, 0.3], "rotation": 90, "texture": "#missing"},
				"down": {"uv": [0, 0, 6, 0.3], "rotation": 270, "texture": "#missing"}
			}
		},
		{
			"from": [1, 2, 4.7],
			"to": [15, 2.5, 5],
			"faces": {
				"north": {"uv": [0, 0, 14, 0.5], "texture": "#0"},
				"east": {"uv": [0, 0, 0.3, 0.5], "texture": "#0"},
				"south": {"uv": [0, 0, 14, 0.5], "texture": "#0"},
				"west": {"uv": [0, 0, 0.3, 0.5], "texture": "#0"},
				"up": {"uv": [0, 0, 14, 0.3], "texture": "#0"},
				"down": {"uv": [0, 0, 14, 0.3], "texture": "#0"}
			}
		},
		{
			"from": [2, 2, 2.7],
			"to": [14, 2.5, 3],
			"faces": {
				"north": {"uv": [0, 0, 12, 0.5], "texture": "#0"},
				"east": {"uv": [0, 0, 0.3, 0.5], "texture": "#0"},
				"south": {"uv": [0, 0, 12, 0.5], "texture": "#0"},
				"west": {"uv": [0, 0, 0.3, 0.5], "texture": "#0"},
				"up": {"uv": [0, 0, 12, 0.3], "texture": "#0"},
				"down": {"uv": [0, 0, 12, 0.3], "texture": "#0"}
			}
		},
		{
			"from": [3, 2, 1.7],
			"to": [13, 2.5, 2],
			"faces": {
				"north": {"uv": [0, 0, 10, 0.5], "texture": "#0"},
				"east": {"uv": [0, 0, 0.3, 0.5], "texture": "#0"},
				"south": {"uv": [0, 0, 10, 0.5], "texture": "#0"},
				"west": {"uv": [0, 0, 0.3, 0.5], "texture": "#0"},
				"up": {"uv": [0, 0, 10, 0.3], "texture": "#0"},
				"down": {"uv": [0, 0, 10, 0.3], "texture": "#0"}
			}
		},
		{
			"from": [1, 2, 11],
			"to": [15, 2.5, 11.3],
			"faces": {
				"north": {"uv": [0, 0, 14, 1], "texture": "#0"},
				"east": {"uv": [0, 4, 1, 5], "texture": "#0"},
				"south": {"uv": [0, 1, 14, 2], "texture": "#0"},
				"west": {"uv": [1, 4, 2, 5], "texture": "#0"},
				"up": {"uv": [14, 3, 0, 2], "texture": "#0"},
				"down": {"uv": [14, 3, 0, 4], "texture": "#0"}
			}
		},
		{
			"from": [2, 2, 13],
			"to": [14, 2.5, 13.3],
			"faces": {
				"north": {"uv": [0, 0, 12, 0.5], "texture": "#0"},
				"east": {"uv": [0, 0, 0.3, 0.5], "texture": "#0"},
				"south": {"uv": [0, 0, 12, 0.5], "texture": "#0"},
				"west": {"uv": [0, 0, 0.3, 0.5], "texture": "#0"},
				"up": {"uv": [0, 0, 12, 0.3], "rotation": 180, "texture": "#0"},
				"down": {"uv": [0, 0, 12, 0.3], "rotation": 180, "texture": "#0"}
			}
		},
		{
			"from": [3, 2, 14],
			"to": [13, 2.5, 14.3],
			"faces": {
				"north": {"uv": [0, 0, 10, 0.5], "texture": "#0"},
				"east": {"uv": [0, 0, 0.3, 0.5], "texture": "#0"},
				"south": {"uv": [0, 0, 10, 0.5], "texture": "#0"},
				"west": {"uv": [0, 0, 0.3, 0.5], "texture": "#0"},
				"up": {"uv": [0, 0, 10, 0.3], "rotation": 180, "texture": "#0"},
				"down": {"uv": [0, 0, 10, 0.3], "rotation": 180, "texture": "#0"}
			}
		},
		{
			"from": [5, 2, 15],
			"to": [11, 2.5, 15.3],
			"faces": {
				"north": {"uv": [0, 0, 6, 0.5], "texture": "#0"},
				"east": {"uv": [0, 0, 0.3, 0.5], "texture": "#0"},
				"south": {"uv": [0, 0, 6, 0.5], "texture": "#0"},
				"west": {"uv": [0, 0, 0.3, 0.5], "texture": "#0"},
				"up": {"uv": [0, 0, 6, 0.3], "rotation": 180, "texture": "#0"},
				"down": {"uv": [0, 0, 6, 0.3], "rotation": 180, "texture": "#0"}
			}
		},
		{
			"from": [5, 2, 0.7],
			"to": [11, 2.5, 1],
			"faces": {
				"north": {"uv": [0, 0, 6, 0.5], "texture": "#0"},
				"east": {"uv": [0, 0, 0.3, 0.5], "texture": "#0"},
				"south": {"uv": [0, 0, 6, 0.5], "texture": "#0"},
				"west": {"uv": [0, 0, 0.3, 0.5], "texture": "#0"},
				"up": {"uv": [0, 0, 6, 0.3], "texture": "#0"},
				"down": {"uv": [0, 0, 6, 0.3], "texture": "#0"}
			}
		},
		{
			"from": [5, 6, 0.7],
			"to": [11, 6.5, 1],
			"faces": {
				"north": {"uv": [0, 0, 6, 0.5], "texture": "#0"},
				"east": {"uv": [0, 0, 0.3, 0.5], "texture": "#0"},
				"south": {"uv": [0, 0, 6, 0.5], "texture": "#0"},
				"west": {"uv": [0, 0, 0.3, 0.5], "texture": "#0"},
				"up": {"uv": [0, 0, 6, 0.3], "texture": "#0"},
				"down": {"uv": [0, 0, 6, 0.3], "texture": "#0"}
			}
		},
		{
			"from": [5, 6, 0.7],
			"to": [11, 6.5, 1],
			"faces": {
				"north": {"uv": [0, 0, 6, 0.5], "texture": "#0"},
				"east": {"uv": [0, 0, 0.3, 0.5], "texture": "#0"},
				"south": {"uv": [0, 0, 6, 0.5], "texture": "#0"},
				"west": {"uv": [0, 0, 0.3, 0.5], "texture": "#0"},
				"up": {"uv": [0, 0, 6, 0.3], "texture": "#0"},
				"down": {"uv": [0, 0, 6, 0.3], "texture": "#0"}
			}
		},
		{
			"from": [13, 6, 2],
			"to": [13.3, 6.5, 14],
			"color": 9,
			"faces": {
				"north": {"uv": [0, 0, 0.3, 0.5], "texture": "#missing"},
				"east": {"uv": [0, 0, 12, 0.5], "texture": "#missing"},
				"south": {"uv": [0, 0, 0.3, 0.5], "texture": "#missing"},
				"west": {"uv": [0, 0, 12, 0.5], "texture": "#missing"},
				"up": {"uv": [0, 0, 12, 0.3], "rotation": 90, "texture": "#missing"},
				"down": {"uv": [0, 0, 12, 0.3], "rotation": 270, "texture": "#missing"}
			}
		},
		{
			"from": [14, 6, 3],
			"to": [14.3, 6.5, 13],
			"faces": {
				"north": {"uv": [0, 0, 0.3, 0.5], "texture": "#0"},
				"east": {"uv": [0, 0, 10, 0.5], "texture": "#0"},
				"south": {"uv": [0, 0, 0.3, 0.5], "texture": "#0"},
				"west": {"uv": [0, 0, 10, 0.5], "texture": "#0"},
				"up": {"uv": [0, 0, 10, 0.3], "rotation": 90, "texture": "#0"},
				"down": {"uv": [0, 0, 10, 0.3], "rotation": 270, "texture": "#0"}
			}
		},
		{
			"from": [15, 6, 5],
			"to": [15.3, 6.5, 11],
			"faces": {
				"north": {"uv": [0, 0, 0.3, 0.5], "texture": "#0"},
				"east": {"uv": [0, 0, 6, 0.5], "texture": "#0"},
				"south": {"uv": [0, 0, 0.3, 0.5], "texture": "#0"},
				"west": {"uv": [0, 0, 6, 0.5], "texture": "#0"},
				"up": {"uv": [0, 0, 6, 0.3], "rotation": 90, "texture": "#0"},
				"down": {"uv": [0, 0, 6, 0.3], "rotation": 270, "texture": "#0"}
			}
		},
		{
			"from": [4.7, 6, 1],
			"to": [5, 6.5, 15],
			"faces": {
				"north": {"uv": [0, 0, 0.3, 0.5], "texture": "#0"},
				"east": {"uv": [0, 0, 14, 0.5], "texture": "#0"},
				"south": {"uv": [0, 0, 0.3, 0.5], "texture": "#0"},
				"west": {"uv": [0, 0, 14, 0.5], "texture": "#0"},
				"up": {"uv": [0, 0, 14, 0.3], "rotation": 270, "texture": "#0"},
				"down": {"uv": [0, 0, 14, 0.3], "rotation": 90, "texture": "#0"}
			}
		},
		{
			"from": [2.7, 6, 2],
			"to": [3, 6.5, 14],
			"faces": {
				"north": {"uv": [0, 0, 0.3, 0.5], "texture": "#0"},
				"east": {"uv": [0, 0, 12, 0.5], "texture": "#0"},
				"south": {"uv": [0, 0, 0.3, 0.5], "texture": "#0"},
				"west": {"uv": [0, 0, 12, 0.5], "texture": "#0"},
				"up": {"uv": [0, 0, 12, 0.3], "rotation": 270, "texture": "#0"},
				"down": {"uv": [0, 0, 12, 0.3], "rotation": 90, "texture": "#0"}
			}
		},
		{
			"from": [1.7, 6, 3],
			"to": [2, 6.5, 13],
			"faces": {
				"north": {"uv": [0, 0, 0.3, 0.5], "texture": "#0"},
				"east": {"uv": [0, 0, 10, 0.5], "texture": "#0"},
				"south": {"uv": [0, 0, 0.3, 0.5], "texture": "#0"},
				"west": {"uv": [0, 0, 10, 0.5], "texture": "#0"},
				"up": {"uv": [0, 0, 10, 0.3], "rotation": 270, "texture": "#0"},
				"down": {"uv": [0, 0, 10, 0.3], "rotation": 90, "texture": "#0"}
			}
		},
		{
			"from": [3, 6, 1.7],
			"to": [13, 6.5, 2],
			"color": 9,
			"faces": {
				"north": {"uv": [0, 0, 10, 0.5], "texture": "#missing"},
				"east": {"uv": [0, 0, 0.3, 0.5], "texture": "#missing"},
				"south": {"uv": [0, 0, 10, 0.5], "texture": "#missing"},
				"west": {"uv": [0, 0, 0.3, 0.5], "texture": "#missing"},
				"up": {"uv": [0, 0, 10, 0.3], "texture": "#missing"},
				"down": {"uv": [0, 0, 10, 0.3], "texture": "#missing"}
			}
		},
		{
			"from": [0.7, 6, 5],
			"to": [1, 6.5, 11],
			"faces": {
				"north": {"uv": [0, 0, 0.3, 0.5], "texture": "#0"},
				"east": {"uv": [0, 0, 6, 0.5], "texture": "#0"},
				"south": {"uv": [0, 0, 0.3, 0.5], "texture": "#0"},
				"west": {"uv": [0, 0, 6, 0.5], "texture": "#0"},
				"up": {"uv": [0, 0, 6, 0.3], "rotation": 270, "texture": "#0"},
				"down": {"uv": [0, 0, 6, 0.3], "rotation": 90, "texture": "#0"}
			}
		},
		{
			"from": [2, 6, 2.7],
			"to": [14, 6.5, 3],
			"faces": {
				"north": {"uv": [0, 0, 12, 0.5], "texture": "#0"},
				"east": {"uv": [0, 0, 0.3, 0.5], "texture": "#0"},
				"south": {"uv": [0, 0, 12, 0.5], "texture": "#0"},
				"west": {"uv": [0, 0, 0.3, 0.5], "texture": "#0"},
				"up": {"uv": [0, 0, 12, 0.3], "texture": "#0"},
				"down": {"uv": [0, 0, 12, 0.3], "texture": "#0"}
			}
		},
		{
			"from": [1, 6, 4.7],
			"to": [15, 6.5, 5],
			"faces": {
				"north": {"uv": [0, 0, 14, 0.5], "texture": "#0"},
				"east": {"uv": [0, 0, 0.3, 0.5], "texture": "#0"},
				"south": {"uv": [0, 0, 14, 0.5], "texture": "#0"},
				"west": {"uv": [0, 0, 0.3, 0.5], "texture": "#0"},
				"up": {"uv": [0, 0, 14, 0.3], "texture": "#0"},
				"down": {"uv": [0, 0, 14, 0.3], "texture": "#0"}
			}
		},
		{
			"from": [3, 6, 14],
			"to": [13, 6.5, 14.3],
			"faces": {
				"north": {"uv": [0, 0, 10, 0.5], "texture": "#0"},
				"east": {"uv": [0, 0, 0.3, 0.5], "texture": "#0"},
				"south": {"uv": [0, 0, 10, 0.5], "texture": "#0"},
				"west": {"uv": [0, 0, 0.3, 0.5], "texture": "#0"},
				"up": {"uv": [0, 0, 10, 0.3], "rotation": 180, "texture": "#0"},
				"down": {"uv": [0, 0, 10, 0.3], "rotation": 180, "texture": "#0"}
			}
		},
		{
			"from": [5, 6, 15],
			"to": [11, 6.5, 15.3],
			"faces": {
				"north": {"uv": [0, 0, 6, 0.5], "texture": "#missing"},
				"east": {"uv": [0, 0, 0.3, 0.5], "texture": "#missing"},
				"south": {"uv": [0, 0, 6, 0.5], "texture": "#missing"},
				"west": {"uv": [0, 0, 0.3, 0.5], "texture": "#0"},
				"up": {"uv": [0, 0, 6, 0.3], "rotation": 180, "texture": "#missing"},
				"down": {"uv": [0, 0, 6, 0.3], "rotation": 180, "texture": "#missing"}
			}
		},
		{
			"from": [2, 6, 13],
			"to": [14, 6.5, 13.3],
			"faces": {
				"north": {"uv": [0, 0, 12, 0.5], "texture": "#missing"},
				"east": {"uv": [0, 0, 0.3, 0.5], "texture": "#missing"},
				"south": {"uv": [0, 0, 12, 0.5], "texture": "#missing"},
				"west": {"uv": [0, 0, 0.3, 0.5], "texture": "#0"},
				"up": {"uv": [0, 0, 12, 0.3], "rotation": 180, "texture": "#missing"},
				"down": {"uv": [0, 0, 12, 0.3], "rotation": 180, "texture": "#missing"}
			}
		},
		{
			"from": [1, 6, 11],
			"to": [15, 6.5, 11.3],
			"faces": {
				"north": {"uv": [0, 0, 14, 0.5], "texture": "#missing"},
				"east": {"uv": [0, 0, 0.3, 0.5], "texture": "#missing"},
				"south": {"uv": [0, 0, 14, 0.5], "texture": "#missing"},
				"west": {"uv": [0, 0, 0.3, 0.5], "texture": "#0"},
				"up": {"uv": [0, 0, 14, 0.3], "rotation": 180, "texture": "#missing"},
				"down": {"uv": [0, 0, 14, 0.3], "rotation": 180, "texture": "#missing"}
			}
		},
		{
			"from": [11, 6, 1],
			"to": [11.3, 6.5, 15],
			"faces": {
				"north": {"uv": [0, 0, 0.3, 0.5], "texture": "#missing"},
				"east": {"uv": [0, 0, 14, 0.5], "texture": "#missing"},
				"south": {"uv": [0, 0, 0.3, 0.5], "texture": "#missing"},
				"west": {"uv": [0, 0, 14, 0.5], "texture": "#0"},
				"up": {"uv": [0, 0, 14, 0.3], "rotation": 90, "texture": "#missing"},
				"down": {"uv": [0, 0, 14, 0.3], "rotation": 270, "texture": "#missing"}
			}
		},
		{
			"from": [4.7, 6, 1],
			"to": [5, 6.5, 15],
			"color": 9,
			"faces": {
				"north": {"uv": [0, 0, 0.3, 0.5], "texture": "#missing"},
				"east": {"uv": [0, 0, 14, 0.5], "texture": "#missing"},
				"south": {"uv": [0, 0, 0.3, 0.5], "texture": "#missing"},
				"west": {"uv": [0, 0, 14, 0.5], "texture": "#missing"},
				"up": {"uv": [0, 0, 14, 0.3], "rotation": 270, "texture": "#missing"},
				"down": {"uv": [0, 0, 14, 0.3], "rotation": 90, "texture": "#missing"}
			}
		},
		{
			"from": [2.7, 6, 2],
			"to": [3, 6.5, 14],
			"color": 9,
			"faces": {
				"north": {"uv": [0, 0, 0.3, 0.5], "texture": "#missing"},
				"east": {"uv": [0, 0, 12, 0.5], "texture": "#missing"},
				"south": {"uv": [0, 0, 0.3, 0.5], "texture": "#missing"},
				"west": {"uv": [0, 0, 12, 0.5], "texture": "#missing"},
				"up": {"uv": [0, 0, 12, 0.3], "rotation": 270, "texture": "#missing"},
				"down": {"uv": [0, 0, 12, 0.3], "rotation": 90, "texture": "#missing"}
			}
		},
		{
			"from": [1.7, 6, 3],
			"to": [2, 6.5, 13],
			"faces": {
				"north": {"uv": [0, 0, 0.3, 0.5], "texture": "#0"},
				"east": {"uv": [0, 0, 10, 0.5], "texture": "#0"},
				"south": {"uv": [0, 0, 0.3, 0.5], "texture": "#0"},
				"west": {"uv": [0, 0, 10, 0.5], "texture": "#0"},
				"up": {"uv": [0, 0, 10, 0.3], "rotation": 270, "texture": "#0"},
				"down": {"uv": [0, 0, 10, 0.3], "rotation": 90, "texture": "#0"}
			}
		},
		{
			"from": [0.7, 6, 5],
			"to": [1, 6.5, 11],
			"color": 9,
			"faces": {
				"north": {"uv": [0, 0, 0.3, 0.5], "texture": "#missing"},
				"east": {"uv": [0, 0, 6, 0.5], "texture": "#missing"},
				"south": {"uv": [0, 0, 0.3, 0.5], "texture": "#missing"},
				"west": {"uv": [0, 0, 6, 0.5], "texture": "#missing"},
				"up": {"uv": [0, 0, 6, 0.3], "rotation": 270, "texture": "#missing"},
				"down": {"uv": [0, 0, 6, 0.3], "rotation": 90, "texture": "#missing"}
			}
		},
		{
			"from": [11, 6, 1],
			"to": [11.3, 6.5, 15],
			"faces": {
				"north": {"uv": [0, 0, 0.3, 0.5], "texture": "#0"},
				"east": {"uv": [0, 0, 14, 0.5], "texture": "#0"},
				"south": {"uv": [0, 0, 0.3, 0.5], "texture": "#0"},
				"west": {"uv": [0, 0, 14, 0.5], "texture": "#0"},
				"up": {"uv": [0, 0, 14, 0.3], "rotation": 90, "texture": "#0"},
				"down": {"uv": [0, 0, 14, 0.3], "rotation": 270, "texture": "#0"}
			}
		},
		{
			"from": [13, 6, 2],
			"to": [13.3, 6.5, 14],
			"faces": {
				"north": {"uv": [0, 0, 0.3, 0.5], "texture": "#0"},
				"east": {"uv": [0, 0, 12, 0.5], "texture": "#0"},
				"south": {"uv": [0, 0, 0.3, 0.5], "texture": "#0"},
				"west": {"uv": [0, 0, 12, 0.5], "texture": "#0"},
				"up": {"uv": [0, 0, 12, 0.3], "rotation": 90, "texture": "#0"},
				"down": {"uv": [0, 0, 12, 0.3], "rotation": 270, "texture": "#0"}
			}
		},
		{
			"from": [14, 6, 3],
			"to": [14.3, 6.5, 13],
			"color": 9,
			"faces": {
				"north": {"uv": [0, 0, 0.3, 0.5], "texture": "#missing"},
				"east": {"uv": [0, 0, 10, 0.5], "texture": "#missing"},
				"south": {"uv": [0, 0, 0.3, 0.5], "texture": "#missing"},
				"west": {"uv": [0, 0, 10, 0.5], "texture": "#missing"},
				"up": {"uv": [0, 0, 10, 0.3], "rotation": 90, "texture": "#missing"},
				"down": {"uv": [0, 0, 10, 0.3], "rotation": 270, "texture": "#missing"}
			}
		},
		{
			"from": [15, 6, 5],
			"to": [15.3, 6.5, 11],
			"color": 9,
			"faces": {
				"north": {"uv": [0, 0, 0.3, 0.5], "texture": "#missing"},
				"east": {"uv": [0, 0, 6, 0.5], "texture": "#missing"},
				"south": {"uv": [0, 0, 0.3, 0.5], "texture": "#missing"},
				"west": {"uv": [0, 0, 6, 0.5], "texture": "#missing"},
				"up": {"uv": [0, 0, 6, 0.3], "rotation": 90, "texture": "#missing"},
				"down": {"uv": [0, 0, 6, 0.3], "rotation": 270, "texture": "#missing"}
			}
		},
		{
			"from": [1, 6, 4.7],
			"to": [15, 6.5, 5],
			"faces": {
				"north": {"uv": [0, 0, 14, 0.5], "texture": "#0"},
				"east": {"uv": [0, 0, 0.3, 0.5], "texture": "#0"},
				"south": {"uv": [0, 0, 14, 0.5], "texture": "#0"},
				"west": {"uv": [0, 0, 0.3, 0.5], "texture": "#0"},
				"up": {"uv": [0, 0, 14, 0.3], "texture": "#0"},
				"down": {"uv": [0, 0, 14, 0.3], "texture": "#0"}
			}
		},
		{
			"from": [2, 6, 2.7],
			"to": [14, 6.5, 3],
			"faces": {
				"north": {"uv": [0, 0, 12, 0.5], "texture": "#0"},
				"east": {"uv": [0, 0, 0.3, 0.5], "texture": "#0"},
				"south": {"uv": [0, 0, 12, 0.5], "texture": "#0"},
				"west": {"uv": [0, 0, 0.3, 0.5], "texture": "#0"},
				"up": {"uv": [0, 0, 12, 0.3], "texture": "#0"},
				"down": {"uv": [0, 0, 12, 0.3], "texture": "#0"}
			}
		},
		{
			"from": [3, 6, 1.7],
			"to": [13, 6.5, 2],
			"faces": {
				"north": {"uv": [0, 0, 10, 0.5], "texture": "#0"},
				"east": {"uv": [0, 0, 0.3, 0.5], "texture": "#0"},
				"south": {"uv": [0, 0, 10, 0.5], "texture": "#0"},
				"west": {"uv": [0, 0, 0.3, 0.5], "texture": "#0"},
				"up": {"uv": [0, 0, 10, 0.3], "texture": "#0"},
				"down": {"uv": [0, 0, 10, 0.3], "texture": "#0"}
			}
		},
		{
			"from": [1, 6, 11],
			"to": [15, 6.5, 11.3],
			"faces": {
				"north": {"uv": [0, 0, 14, 1], "texture": "#0"},
				"east": {"uv": [0, 4, 1, 5], "texture": "#0"},
				"south": {"uv": [0, 1, 14, 2], "texture": "#0"},
				"west": {"uv": [1, 4, 2, 5], "texture": "#0"},
				"up": {"uv": [14, 3, 0, 2], "texture": "#0"},
				"down": {"uv": [14, 3, 0, 4], "texture": "#0"}
			}
		},
		{
			"from": [2, 6, 13],
			"to": [14, 6.5, 13.3],
			"faces": {
				"north": {"uv": [0, 0, 12, 0.5], "texture": "#0"},
				"east": {"uv": [0, 0, 0.3, 0.5], "texture": "#0"},
				"south": {"uv": [0, 0, 12, 0.5], "texture": "#0"},
				"west": {"uv": [0, 0, 0.3, 0.5], "texture": "#0"},
				"up": {"uv": [0, 0, 12, 0.3], "rotation": 180, "texture": "#0"},
				"down": {"uv": [0, 0, 12, 0.3], "rotation": 180, "texture": "#0"}
			}
		},
		{
			"from": [3, 6, 14],
			"to": [13, 6.5, 14.3],
			"faces": {
				"north": {"uv": [0, 0, 10, 0.5], "texture": "#0"},
				"east": {"uv": [0, 0, 0.3, 0.5], "texture": "#0"},
				"south": {"uv": [0, 0, 10, 0.5], "texture": "#0"},
				"west": {"uv": [0, 0, 0.3, 0.5], "texture": "#0"},
				"up": {"uv": [0, 0, 10, 0.3], "rotation": 180, "texture": "#0"},
				"down": {"uv": [0, 0, 10, 0.3], "rotation": 180, "texture": "#0"}
			}
		},
		{
			"from": [5, 6, 15],
			"to": [11, 6.5, 15.3],
			"faces": {
				"north": {"uv": [0, 0, 6, 0.5], "texture": "#0"},
				"east": {"uv": [0, 0, 0.3, 0.5], "texture": "#0"},
				"south": {"uv": [0, 0, 6, 0.5], "texture": "#0"},
				"west": {"uv": [0, 0, 0.3, 0.5], "texture": "#0"},
				"up": {"uv": [0, 0, 6, 0.3], "rotation": 180, "texture": "#0"},
				"down": {"uv": [0, 0, 6, 0.3], "rotation": 180, "texture": "#0"}
			}
		},
		{
			"from": [5, 6, 0.7],
			"to": [11, 6.5, 1],
			"faces": {
				"north": {"uv": [0, 0, 6, 0.5], "texture": "#0"},
				"east": {"uv": [0, 0, 0.3, 0.5], "texture": "#0"},
				"south": {"uv": [0, 0, 6, 0.5], "texture": "#0"},
				"west": {"uv": [0, 0, 0.3, 0.5], "texture": "#0"},
				"up": {"uv": [0, 0, 6, 0.3], "texture": "#0"},
				"down": {"uv": [0, 0, 6, 0.3], "texture": "#0"}
			}
		},
		{
			"from": [5, 10, 0.7],
			"to": [11, 10.5, 1],
			"faces": {
				"north": {"uv": [0, 0, 6, 0.5], "texture": "#0"},
				"east": {"uv": [0, 0, 0.3, 0.5], "texture": "#0"},
				"south": {"uv": [0, 0, 6, 0.5], "texture": "#0"},
				"west": {"uv": [0, 0, 0.3, 0.5], "texture": "#0"},
				"up": {"uv": [0, 0, 6, 0.3], "texture": "#0"},
				"down": {"uv": [0, 0, 6, 0.3], "texture": "#0"}
			}
		},
		{
			"from": [5, 10, 0.7],
			"to": [11, 10.5, 1],
			"faces": {
				"north": {"uv": [0, 0, 6, 0.5], "texture": "#0"},
				"east": {"uv": [0, 0, 0.3, 0.5], "texture": "#0"},
				"south": {"uv": [0, 0, 6, 0.5], "texture": "#0"},
				"west": {"uv": [0, 0, 0.3, 0.5], "texture": "#0"},
				"up": {"uv": [0, 0, 6, 0.3], "texture": "#0"},
				"down": {"uv": [0, 0, 6, 0.3], "texture": "#0"}
			}
		},
		{
			"from": [13, 10, 2],
			"to": [13.3, 10.5, 14],
			"color": 9,
			"faces": {
				"north": {"uv": [0, 0, 0.3, 0.5], "texture": "#missing"},
				"east": {"uv": [0, 0, 12, 0.5], "texture": "#missing"},
				"south": {"uv": [0, 0, 0.3, 0.5], "texture": "#missing"},
				"west": {"uv": [0, 0, 12, 0.5], "texture": "#missing"},
				"up": {"uv": [0, 0, 12, 0.3], "rotation": 90, "texture": "#missing"},
				"down": {"uv": [0, 0, 12, 0.3], "rotation": 270, "texture": "#missing"}
			}
		},
		{
			"from": [14, 10, 3],
			"to": [14.3, 10.5, 13],
			"faces": {
				"north": {"uv": [0, 0, 0.3, 0.5], "texture": "#0"},
				"east": {"uv": [0, 0, 10, 0.5], "texture": "#0"},
				"south": {"uv": [0, 0, 0.3, 0.5], "texture": "#0"},
				"west": {"uv": [0, 0, 10, 0.5], "texture": "#0"},
				"up": {"uv": [0, 0, 10, 0.3], "rotation": 90, "texture": "#0"},
				"down": {"uv": [0, 0, 10, 0.3], "rotation": 270, "texture": "#0"}
			}
		},
		{
			"from": [15, 10, 5],
			"to": [15.3, 10.5, 11],
			"faces": {
				"north": {"uv": [0, 0, 0.3, 0.5], "texture": "#0"},
				"east": {"uv": [0, 0, 6, 0.5], "texture": "#0"},
				"south": {"uv": [0, 0, 0.3, 0.5], "texture": "#0"},
				"west": {"uv": [0, 0, 6, 0.5], "texture": "#0"},
				"up": {"uv": [0, 0, 6, 0.3], "rotation": 90, "texture": "#0"},
				"down": {"uv": [0, 0, 6, 0.3], "rotation": 270, "texture": "#0"}
			}
		},
		{
			"from": [4.7, 10, 1],
			"to": [5, 10.5, 15],
			"faces": {
				"north": {"uv": [0, 0, 0.3, 0.5], "texture": "#0"},
				"east": {"uv": [0, 0, 14, 0.5], "texture": "#0"},
				"south": {"uv": [0, 0, 0.3, 0.5], "texture": "#0"},
				"west": {"uv": [0, 0, 14, 0.5], "texture": "#0"},
				"up": {"uv": [0, 0, 14, 0.3], "rotation": 270, "texture": "#0"},
				"down": {"uv": [0, 0, 14, 0.3], "rotation": 90, "texture": "#0"}
			}
		},
		{
			"from": [2.7, 10, 2],
			"to": [3, 10.5, 14],
			"faces": {
				"north": {"uv": [0, 0, 0.3, 0.5], "texture": "#0"},
				"east": {"uv": [0, 0, 12, 0.5], "texture": "#0"},
				"south": {"uv": [0, 0, 0.3, 0.5], "texture": "#0"},
				"west": {"uv": [0, 0, 12, 0.5], "texture": "#0"},
				"up": {"uv": [0, 0, 12, 0.3], "rotation": 270, "texture": "#0"},
				"down": {"uv": [0, 0, 12, 0.3], "rotation": 90, "texture": "#0"}
			}
		},
		{
			"from": [1.7, 10, 3],
			"to": [2, 10.5, 13],
			"faces": {
				"north": {"uv": [0, 0, 0.3, 0.5], "texture": "#0"},
				"east": {"uv": [0, 0, 10, 0.5], "texture": "#0"},
				"south": {"uv": [0, 0, 0.3, 0.5], "texture": "#0"},
				"west": {"uv": [0, 0, 10, 0.5], "texture": "#0"},
				"up": {"uv": [0, 0, 10, 0.3], "rotation": 270, "texture": "#0"},
				"down": {"uv": [0, 0, 10, 0.3], "rotation": 90, "texture": "#0"}
			}
		},
		{
			"from": [3, 10, 1.7],
			"to": [13, 10.5, 2],
			"color": 9,
			"faces": {
				"north": {"uv": [0, 0, 10, 0.5], "texture": "#missing"},
				"east": {"uv": [0, 0, 0.3, 0.5], "texture": "#missing"},
				"south": {"uv": [0, 0, 10, 0.5], "texture": "#missing"},
				"west": {"uv": [0, 0, 0.3, 0.5], "texture": "#missing"},
				"up": {"uv": [0, 0, 10, 0.3], "texture": "#missing"},
				"down": {"uv": [0, 0, 10, 0.3], "texture": "#missing"}
			}
		},
		{
			"from": [0.7, 10, 5],
			"to": [1, 10.5, 11],
			"faces": {
				"north": {"uv": [0, 0, 0.3, 0.5], "texture": "#0"},
				"east": {"uv": [0, 0, 6, 0.5], "texture": "#0"},
				"south": {"uv": [0, 0, 0.3, 0.5], "texture": "#0"},
				"west": {"uv": [0, 0, 6, 0.5], "texture": "#0"},
				"up": {"uv": [0, 0, 6, 0.3], "rotation": 270, "texture": "#0"},
				"down": {"uv": [0, 0, 6, 0.3], "rotation": 90, "texture": "#0"}
			}
		},
		{
			"from": [2, 10, 2.7],
			"to": [14, 10.5, 3],
			"faces": {
				"north": {"uv": [0, 0, 12, 0.5], "texture": "#0"},
				"east": {"uv": [0, 0, 0.3, 0.5], "texture": "#0"},
				"south": {"uv": [0, 0, 12, 0.5], "texture": "#0"},
				"west": {"uv": [0, 0, 0.3, 0.5], "texture": "#0"},
				"up": {"uv": [0, 0, 12, 0.3], "texture": "#0"},
				"down": {"uv": [0, 0, 12, 0.3], "texture": "#0"}
			}
		},
		{
			"from": [1, 10, 4.7],
			"to": [15, 10.5, 5],
			"faces": {
				"north": {"uv": [0, 0, 14, 0.5], "texture": "#0"},
				"east": {"uv": [0, 0, 0.3, 0.5], "texture": "#0"},
				"south": {"uv": [0, 0, 14, 0.5], "texture": "#0"},
				"west": {"uv": [0, 0, 0.3, 0.5], "texture": "#0"},
				"up": {"uv": [0, 0, 14, 0.3], "texture": "#0"},
				"down": {"uv": [0, 0, 14, 0.3], "texture": "#0"}
			}
		},
		{
			"from": [3, 10, 14],
			"to": [13, 10.5, 14.3],
			"faces": {
				"north": {"uv": [0, 0, 10, 0.5], "texture": "#0"},
				"east": {"uv": [0, 0, 0.3, 0.5], "texture": "#0"},
				"south": {"uv": [0, 0, 10, 0.5], "texture": "#0"},
				"west": {"uv": [0, 0, 0.3, 0.5], "texture": "#0"},
				"up": {"uv": [0, 0, 10, 0.3], "rotation": 180, "texture": "#0"},
				"down": {"uv": [0, 0, 10, 0.3], "rotation": 180, "texture": "#0"}
			}
		},
		{
			"from": [5, 10, 15],
			"to": [11, 10.5, 15.3],
			"faces": {
				"north": {"uv": [0, 0, 6, 0.5], "texture": "#missing"},
				"east": {"uv": [0, 0, 0.3, 0.5], "texture": "#missing"},
				"south": {"uv": [0, 0, 6, 0.5], "texture": "#missing"},
				"west": {"uv": [0, 0, 0.3, 0.5], "texture": "#0"},
				"up": {"uv": [0, 0, 6, 0.3], "rotation": 180, "texture": "#missing"},
				"down": {"uv": [0, 0, 6, 0.3], "rotation": 180, "texture": "#missing"}
			}
		},
		{
			"from": [2, 10, 13],
			"to": [14, 10.5, 13.3],
			"faces": {
				"north": {"uv": [0, 0, 12, 0.5], "texture": "#missing"},
				"east": {"uv": [0, 0, 0.3, 0.5], "texture": "#missing"},
				"south": {"uv": [0, 0, 12, 0.5], "texture": "#missing"},
				"west": {"uv": [0, 0, 0.3, 0.5], "texture": "#0"},
				"up": {"uv": [0, 0, 12, 0.3], "rotation": 180, "texture": "#missing"},
				"down": {"uv": [0, 0, 12, 0.3], "rotation": 180, "texture": "#missing"}
			}
		},
		{
			"from": [1, 10, 11],
			"to": [15, 10.5, 11.3],
			"faces": {
				"north": {"uv": [0, 0, 14, 0.5], "texture": "#missing"},
				"east": {"uv": [0, 0, 0.3, 0.5], "texture": "#missing"},
				"south": {"uv": [0, 0, 14, 0.5], "texture": "#missing"},
				"west": {"uv": [0, 0, 0.3, 0.5], "texture": "#0"},
				"up": {"uv": [0, 0, 14, 0.3], "rotation": 180, "texture": "#missing"},
				"down": {"uv": [0, 0, 14, 0.3], "rotation": 180, "texture": "#missing"}
			}
		},
		{
			"from": [11, 10, 1],
			"to": [11.3, 10.5, 15],
			"faces": {
				"north": {"uv": [0, 0, 0.3, 0.5], "texture": "#missing"},
				"east": {"uv": [0, 0, 14, 0.5], "texture": "#missing"},
				"south": {"uv": [0, 0, 0.3, 0.5], "texture": "#missing"},
				"west": {"uv": [0, 0, 14, 0.5], "texture": "#0"},
				"up": {"uv": [0, 0, 14, 0.3], "rotation": 90, "texture": "#missing"},
				"down": {"uv": [0, 0, 14, 0.3], "rotation": 270, "texture": "#missing"}
			}
		},
		{
			"from": [4.7, 10, 1],
			"to": [5, 10.5, 15],
			"color": 9,
			"faces": {
				"north": {"uv": [0, 0, 0.3, 0.5], "texture": "#missing"},
				"east": {"uv": [0, 0, 14, 0.5], "texture": "#missing"},
				"south": {"uv": [0, 0, 0.3, 0.5], "texture": "#missing"},
				"west": {"uv": [0, 0, 14, 0.5], "texture": "#missing"},
				"up": {"uv": [0, 0, 14, 0.3], "rotation": 270, "texture": "#missing"},
				"down": {"uv": [0, 0, 14, 0.3], "rotation": 90, "texture": "#missing"}
			}
		},
		{
			"from": [2.7, 10, 2],
			"to": [3, 10.5, 14],
			"color": 9,
			"faces": {
				"north": {"uv": [0, 0, 0.3, 0.5], "texture": "#missing"},
				"east": {"uv": [0, 0, 12, 0.5], "texture": "#missing"},
				"south": {"uv": [0, 0, 0.3, 0.5], "texture": "#missing"},
				"west": {"uv": [0, 0, 12, 0.5], "texture": "#missing"},
				"up": {"uv": [0, 0, 12, 0.3], "rotation": 270, "texture": "#missing"},
				"down": {"uv": [0, 0, 12, 0.3], "rotation": 90, "texture": "#missing"}
			}
		},
		{
			"from": [1.7, 10, 3],
			"to": [2, 10.5, 13],
			"faces": {
				"north": {"uv": [0, 0, 0.3, 0.5], "texture": "#0"},
				"east": {"uv": [0, 0, 10, 0.5], "texture": "#0"},
				"south": {"uv": [0, 0, 0.3, 0.5], "texture": "#0"},
				"west": {"uv": [0, 0, 10, 0.5], "texture": "#0"},
				"up": {"uv": [0, 0, 10, 0.3], "rotation": 270, "texture": "#0"},
				"down": {"uv": [0, 0, 10, 0.3], "rotation": 90, "texture": "#0"}
			}
		},
		{
			"from": [0.7, 10, 5],
			"to": [1, 10.5, 11],
			"color": 9,
			"faces": {
				"north": {"uv": [0, 0, 0.3, 0.5], "texture": "#missing"},
				"east": {"uv": [0, 0, 6, 0.5], "texture": "#missing"},
				"south": {"uv": [0, 0, 0.3, 0.5], "texture": "#missing"},
				"west": {"uv": [0, 0, 6, 0.5], "texture": "#missing"},
				"up": {"uv": [0, 0, 6, 0.3], "rotation": 270, "texture": "#missing"},
				"down": {"uv": [0, 0, 6, 0.3], "rotation": 90, "texture": "#missing"}
			}
		},
		{
			"from": [11, 10, 1],
			"to": [11.3, 10.5, 15],
			"faces": {
				"north": {"uv": [0, 0, 0.3, 0.5], "texture": "#0"},
				"east": {"uv": [0, 0, 14, 0.5], "texture": "#0"},
				"south": {"uv": [0, 0, 0.3, 0.5], "texture": "#0"},
				"west": {"uv": [0, 0, 14, 0.5], "texture": "#0"},
				"up": {"uv": [0, 0, 14, 0.3], "rotation": 90, "texture": "#0"},
				"down": {"uv": [0, 0, 14, 0.3], "rotation": 270, "texture": "#0"}
			}
		},
		{
			"from": [13, 10, 2],
			"to": [13.3, 10.5, 14],
			"faces": {
				"north": {"uv": [0, 0, 0.3, 0.5], "texture": "#0"},
				"east": {"uv": [0, 0, 12, 0.5], "texture": "#0"},
				"south": {"uv": [0, 0, 0.3, 0.5], "texture": "#0"},
				"west": {"uv": [0, 0, 12, 0.5], "texture": "#0"},
				"up": {"uv": [0, 0, 12, 0.3], "rotation": 90, "texture": "#0"},
				"down": {"uv": [0, 0, 12, 0.3], "rotation": 270, "texture": "#0"}
			}
		},
		{
			"from": [14, 10, 3],
			"to": [14.3, 10.5, 13],
			"color": 9,
			"faces": {
				"north": {"uv": [0, 0, 0.3, 0.5], "texture": "#missing"},
				"east": {"uv": [0, 0, 10, 0.5], "texture": "#missing"},
				"south": {"uv": [0, 0, 0.3, 0.5], "texture": "#missing"},
				"west": {"uv": [0, 0, 10, 0.5], "texture": "#missing"},
				"up": {"uv": [0, 0, 10, 0.3], "rotation": 90, "texture": "#missing"},
				"down": {"uv": [0, 0, 10, 0.3], "rotation": 270, "texture": "#missing"}
			}
		},
		{
			"from": [15, 10, 5],
			"to": [15.3, 10.5, 11],
			"color": 9,
			"faces": {
				"north": {"uv": [0, 0, 0.3, 0.5], "texture": "#missing"},
				"east": {"uv": [0, 0, 6, 0.5], "texture": "#missing"},
				"south": {"uv": [0, 0, 0.3, 0.5], "texture": "#missing"},
				"west": {"uv": [0, 0, 6, 0.5], "texture": "#missing"},
				"up": {"uv": [0, 0, 6, 0.3], "rotation": 90, "texture": "#missing"},
				"down": {"uv": [0, 0, 6, 0.3], "rotation": 270, "texture": "#missing"}
			}
		},
		{
			"from": [1, 10, 4.7],
			"to": [15, 10.5, 5],
			"faces": {
				"north": {"uv": [0, 0, 14, 0.5], "texture": "#0"},
				"east": {"uv": [0, 0, 0.3, 0.5], "texture": "#0"},
				"south": {"uv": [0, 0, 14, 0.5], "texture": "#0"},
				"west": {"uv": [0, 0, 0.3, 0.5], "texture": "#0"},
				"up": {"uv": [0, 0, 14, 0.3], "texture": "#0"},
				"down": {"uv": [0, 0, 14, 0.3], "texture": "#0"}
			}
		},
		{
			"from": [2, 10, 2.7],
			"to": [14, 10.5, 3],
			"faces": {
				"north": {"uv": [0, 0, 12, 0.5], "texture": "#0"},
				"east": {"uv": [0, 0, 0.3, 0.5], "texture": "#0"},
				"south": {"uv": [0, 0, 12, 0.5], "texture": "#0"},
				"west": {"uv": [0, 0, 0.3, 0.5], "texture": "#0"},
				"up": {"uv": [0, 0, 12, 0.3], "texture": "#0"},
				"down": {"uv": [0, 0, 12, 0.3], "texture": "#0"}
			}
		},
		{
			"from": [3, 10, 1.7],
			"to": [13, 10.5, 2],
			"faces": {
				"north": {"uv": [0, 0, 10, 0.5], "texture": "#0"},
				"east": {"uv": [0, 0, 0.3, 0.5], "texture": "#0"},
				"south": {"uv": [0, 0, 10, 0.5], "texture": "#0"},
				"west": {"uv": [0, 0, 0.3, 0.5], "texture": "#0"},
				"up": {"uv": [0, 0, 10, 0.3], "texture": "#0"},
				"down": {"uv": [0, 0, 10, 0.3], "texture": "#0"}
			}
		},
		{
			"from": [1, 10, 11],
			"to": [15, 10.5, 11.3],
			"faces": {
				"north": {"uv": [0, 0, 14, 1], "texture": "#0"},
				"east": {"uv": [0, 4, 1, 5], "texture": "#0"},
				"south": {"uv": [0, 1, 14, 2], "texture": "#0"},
				"west": {"uv": [1, 4, 2, 5], "texture": "#0"},
				"up": {"uv": [14, 3, 0, 2], "texture": "#0"},
				"down": {"uv": [14, 3, 0, 4], "texture": "#0"}
			}
		},
		{
			"from": [2, 10, 13],
			"to": [14, 10.5, 13.3],
			"faces": {
				"north": {"uv": [0, 0, 12, 0.5], "texture": "#0"},
				"east": {"uv": [0, 0, 0.3, 0.5], "texture": "#0"},
				"south": {"uv": [0, 0, 12, 0.5], "texture": "#0"},
				"west": {"uv": [0, 0, 0.3, 0.5], "texture": "#0"},
				"up": {"uv": [0, 0, 12, 0.3], "rotation": 180, "texture": "#0"},
				"down": {"uv": [0, 0, 12, 0.3], "rotation": 180, "texture": "#0"}
			}
		},
		{
			"from": [3, 10, 14],
			"to": [13, 10.5, 14.3],
			"faces": {
				"north": {"uv": [0, 0, 10, 0.5], "texture": "#0"},
				"east": {"uv": [0, 0, 0.3, 0.5], "texture": "#0"},
				"south": {"uv": [0, 0, 10, 0.5], "texture": "#0"},
				"west": {"uv": [0, 0, 0.3, 0.5], "texture": "#0"},
				"up": {"uv": [0, 0, 10, 0.3], "rotation": 180, "texture": "#0"},
				"down": {"uv": [0, 0, 10, 0.3], "rotation": 180, "texture": "#0"}
			}
		},
		{
			"from": [5, 10, 15],
			"to": [11, 10.5, 15.3],
			"faces": {
				"north": {"uv": [0, 0, 6, 0.5], "texture": "#0"},
				"east": {"uv": [0, 0, 0.3, 0.5], "texture": "#0"},
				"south": {"uv": [0, 0, 6, 0.5], "texture": "#0"},
				"west": {"uv": [0, 0, 0.3, 0.5], "texture": "#0"},
				"up": {"uv": [0, 0, 6, 0.3], "rotation": 180, "texture": "#0"},
				"down": {"uv": [0, 0, 6, 0.3], "rotation": 180, "texture": "#0"}
			}
		},
		{
			"from": [5, 10, 0.7],
			"to": [11, 10.5, 1],
			"faces": {
				"north": {"uv": [0, 0, 6, 0.5], "texture": "#0"},
				"east": {"uv": [0, 0, 0.3, 0.5], "texture": "#0"},
				"south": {"uv": [0, 0, 6, 0.5], "texture": "#0"},
				"west": {"uv": [0, 0, 0.3, 0.5], "texture": "#0"},
				"up": {"uv": [0, 0, 6, 0.3], "texture": "#0"},
				"down": {"uv": [0, 0, 6, 0.3], "texture": "#0"}
			}
		},
		{
			"from": [5, 14, 0.7],
			"to": [11, 14.5, 1],
			"faces": {
				"north": {"uv": [0, 0, 6, 0.5], "texture": "#0"},
				"east": {"uv": [0, 0, 0.3, 0.5], "texture": "#0"},
				"south": {"uv": [0, 0, 6, 0.5], "texture": "#0"},
				"west": {"uv": [0, 0, 0.3, 0.5], "texture": "#0"},
				"up": {"uv": [0, 0, 6, 0.3], "texture": "#0"},
				"down": {"uv": [0, 0, 6, 0.3], "texture": "#0"}
			}
		},
		{
			"from": [5, 14, 0.7],
			"to": [11, 14.5, 1],
			"faces": {
				"north": {"uv": [0, 0, 6, 0.5], "texture": "#0"},
				"east": {"uv": [0, 0, 0.3, 0.5], "texture": "#0"},
				"south": {"uv": [0, 0, 6, 0.5], "texture": "#0"},
				"west": {"uv": [0, 0, 0.3, 0.5], "texture": "#0"},
				"up": {"uv": [0, 0, 6, 0.3], "texture": "#0"},
				"down": {"uv": [0, 0, 6, 0.3], "texture": "#0"}
			}
		},
		{
			"from": [13, 14, 2],
			"to": [13.3, 14.5, 14],
			"color": 9,
			"faces": {
				"north": {"uv": [0, 0, 0.3, 0.5], "texture": "#missing"},
				"east": {"uv": [0, 0, 12, 0.5], "texture": "#missing"},
				"south": {"uv": [0, 0, 0.3, 0.5], "texture": "#missing"},
				"west": {"uv": [0, 0, 12, 0.5], "texture": "#missing"},
				"up": {"uv": [0, 0, 12, 0.3], "rotation": 90, "texture": "#missing"},
				"down": {"uv": [0, 0, 12, 0.3], "rotation": 270, "texture": "#missing"}
			}
		},
		{
			"from": [14, 14, 3],
			"to": [14.3, 14.5, 13],
			"faces": {
				"north": {"uv": [0, 0, 0.3, 0.5], "texture": "#0"},
				"east": {"uv": [0, 0, 10, 0.5], "texture": "#0"},
				"south": {"uv": [0, 0, 0.3, 0.5], "texture": "#0"},
				"west": {"uv": [0, 0, 10, 0.5], "texture": "#0"},
				"up": {"uv": [0, 0, 10, 0.3], "rotation": 90, "texture": "#0"},
				"down": {"uv": [0, 0, 10, 0.3], "rotation": 270, "texture": "#0"}
			}
		},
		{
			"from": [15, 14, 5],
			"to": [15.3, 14.5, 11],
			"faces": {
				"north": {"uv": [0, 0, 0.3, 0.5], "texture": "#0"},
				"east": {"uv": [0, 0, 6, 0.5], "texture": "#0"},
				"south": {"uv": [0, 0, 0.3, 0.5], "texture": "#0"},
				"west": {"uv": [0, 0, 6, 0.5], "texture": "#0"},
				"up": {"uv": [0, 0, 6, 0.3], "rotation": 90, "texture": "#0"},
				"down": {"uv": [0, 0, 6, 0.3], "rotation": 270, "texture": "#0"}
			}
		},
		{
			"from": [4.7, 14, 1],
			"to": [5, 14.5, 15],
			"faces": {
				"north": {"uv": [0, 0, 0.3, 0.5], "texture": "#0"},
				"east": {"uv": [0, 0, 14, 0.5], "texture": "#0"},
				"south": {"uv": [0, 0, 0.3, 0.5], "texture": "#0"},
				"west": {"uv": [0, 0, 14, 0.5], "texture": "#0"},
				"up": {"uv": [0, 0, 14, 0.3], "rotation": 270, "texture": "#0"},
				"down": {"uv": [0, 0, 14, 0.3], "rotation": 90, "texture": "#0"}
			}
		},
		{
			"from": [2.7, 14, 2],
			"to": [3, 14.5, 14],
			"faces": {
				"north": {"uv": [0, 0, 0.3, 0.5], "texture": "#0"},
				"east": {"uv": [0, 0, 12, 0.5], "texture": "#0"},
				"south": {"uv": [0, 0, 0.3, 0.5], "texture": "#0"},
				"west": {"uv": [0, 0, 12, 0.5], "texture": "#0"},
				"up": {"uv": [0, 0, 12, 0.3], "rotation": 270, "texture": "#0"},
				"down": {"uv": [0, 0, 12, 0.3], "rotation": 90, "texture": "#0"}
			}
		},
		{
			"from": [1.7, 14, 3],
			"to": [2, 14.5, 13],
			"faces": {
				"north": {"uv": [0, 0, 0.3, 0.5], "texture": "#0"},
				"east": {"uv": [0, 0, 10, 0.5], "texture": "#0"},
				"south": {"uv": [0, 0, 0.3, 0.5], "texture": "#0"},
				"west": {"uv": [0, 0, 10, 0.5], "texture": "#0"},
				"up": {"uv": [0, 0, 10, 0.3], "rotation": 270, "texture": "#0"},
				"down": {"uv": [0, 0, 10, 0.3], "rotation": 90, "texture": "#0"}
			}
		},
		{
			"from": [3, 14, 1.7],
			"to": [13, 14.5, 2],
			"color": 9,
			"faces": {
				"north": {"uv": [0, 0, 10, 0.5], "texture": "#missing"},
				"east": {"uv": [0, 0, 0.3, 0.5], "texture": "#missing"},
				"south": {"uv": [0, 0, 10, 0.5], "texture": "#missing"},
				"west": {"uv": [0, 0, 0.3, 0.5], "texture": "#missing"},
				"up": {"uv": [0, 0, 10, 0.3], "texture": "#missing"},
				"down": {"uv": [0, 0, 10, 0.3], "texture": "#missing"}
			}
		},
		{
			"from": [0.7, 14, 5],
			"to": [1, 14.5, 11],
			"faces": {
				"north": {"uv": [0, 0, 0.3, 0.5], "texture": "#0"},
				"east": {"uv": [0, 0, 6, 0.5], "texture": "#0"},
				"south": {"uv": [0, 0, 0.3, 0.5], "texture": "#0"},
				"west": {"uv": [0, 0, 6, 0.5], "texture": "#0"},
				"up": {"uv": [0, 0, 6, 0.3], "rotation": 270, "texture": "#0"},
				"down": {"uv": [0, 0, 6, 0.3], "rotation": 90, "texture": "#0"}
			}
		},
		{
			"from": [2, 14, 2.7],
			"to": [14, 14.5, 3],
			"faces": {
				"north": {"uv": [0, 0, 12, 0.5], "texture": "#0"},
				"east": {"uv": [0, 0, 0.3, 0.5], "texture": "#0"},
				"south": {"uv": [0, 0, 12, 0.5], "texture": "#0"},
				"west": {"uv": [0, 0, 0.3, 0.5], "texture": "#0"},
				"up": {"uv": [0, 0, 12, 0.3], "texture": "#0"},
				"down": {"uv": [0, 0, 12, 0.3], "texture": "#0"}
			}
		},
		{
			"from": [1, 14, 4.7],
			"to": [15, 14.5, 5],
			"faces": {
				"north": {"uv": [0, 0, 14, 0.5], "texture": "#0"},
				"east": {"uv": [0, 0, 0.3, 0.5], "texture": "#0"},
				"south": {"uv": [0, 0, 14, 0.5], "texture": "#0"},
				"west": {"uv": [0, 0, 0.3, 0.5], "texture": "#0"},
				"up": {"uv": [0, 0, 14, 0.3], "texture": "#0"},
				"down": {"uv": [0, 0, 14, 0.3], "texture": "#0"}
			}
		},
		{
			"from": [3, 14, 14],
			"to": [13, 14.5, 14.3],
			"faces": {
				"north": {"uv": [0, 0, 10, 0.5], "texture": "#0"},
				"east": {"uv": [0, 0, 0.3, 0.5], "texture": "#0"},
				"south": {"uv": [0, 0, 10, 0.5], "texture": "#0"},
				"west": {"uv": [0, 0, 0.3, 0.5], "texture": "#0"},
				"up": {"uv": [0, 0, 10, 0.3], "rotation": 180, "texture": "#0"},
				"down": {"uv": [0, 0, 10, 0.3], "rotation": 180, "texture": "#0"}
			}
		},
		{
			"from": [5, 14, 15],
			"to": [11, 14.5, 15.3],
			"faces": {
				"north": {"uv": [0, 0, 6, 0.5], "texture": "#missing"},
				"east": {"uv": [0, 0, 0.3, 0.5], "texture": "#missing"},
				"south": {"uv": [0, 0, 6, 0.5], "texture": "#missing"},
				"west": {"uv": [0, 0, 0.3, 0.5], "texture": "#0"},
				"up": {"uv": [0, 0, 6, 0.3], "rotation": 180, "texture": "#missing"},
				"down": {"uv": [0, 0, 6, 0.3], "rotation": 180, "texture": "#missing"}
			}
		},
		{
			"from": [2, 14, 13],
			"to": [14, 14.5, 13.3],
			"faces": {
				"north": {"uv": [0, 0, 12, 0.5], "texture": "#missing"},
				"east": {"uv": [0, 0, 0.3, 0.5], "texture": "#missing"},
				"south": {"uv": [0, 0, 12, 0.5], "texture": "#missing"},
				"west": {"uv": [0, 0, 0.3, 0.5], "texture": "#0"},
				"up": {"uv": [0, 0, 12, 0.3], "rotation": 180, "texture": "#missing"},
				"down": {"uv": [0, 0, 12, 0.3], "rotation": 180, "texture": "#missing"}
			}
		},
		{
			"from": [1, 14, 11],
			"to": [15, 14.5, 11.3],
			"faces": {
				"north": {"uv": [0, 0, 14, 0.5], "texture": "#missing"},
				"east": {"uv": [0, 0, 0.3, 0.5], "texture": "#missing"},
				"south": {"uv": [0, 0, 14, 0.5], "texture": "#missing"},
				"west": {"uv": [0, 0, 0.3, 0.5], "texture": "#0"},
				"up": {"uv": [0, 0, 14, 0.3], "rotation": 180, "texture": "#missing"},
				"down": {"uv": [0, 0, 14, 0.3], "rotation": 180, "texture": "#missing"}
			}
		},
		{
			"from": [11, 14, 1],
			"to": [11.3, 14.5, 15],
			"faces": {
				"north": {"uv": [0, 0, 0.3, 0.5], "texture": "#missing"},
				"east": {"uv": [0, 0, 14, 0.5], "texture": "#missing"},
				"south": {"uv": [0, 0, 0.3, 0.5], "texture": "#missing"},
				"west": {"uv": [0, 0, 14, 0.5], "texture": "#0"},
				"up": {"uv": [0, 0, 14, 0.3], "rotation": 90, "texture": "#missing"},
				"down": {"uv": [0, 0, 14, 0.3], "rotation": 270, "texture": "#missing"}
			}
		},
		{
			"from": [4.7, 14, 1],
			"to": [5, 14.5, 15],
			"color": 9,
			"faces": {
				"north": {"uv": [0, 0, 0.3, 0.5], "texture": "#missing"},
				"east": {"uv": [0, 0, 14, 0.5], "texture": "#missing"},
				"south": {"uv": [0, 0, 0.3, 0.5], "texture": "#missing"},
				"west": {"uv": [0, 0, 14, 0.5], "texture": "#missing"},
				"up": {"uv": [0, 0, 14, 0.3], "rotation": 270, "texture": "#missing"},
				"down": {"uv": [0, 0, 14, 0.3], "rotation": 90, "texture": "#missing"}
			}
		},
		{
			"from": [2.7, 14, 2],
			"to": [3, 14.5, 14],
			"color": 9,
			"faces": {
				"north": {"uv": [0, 0, 0.3, 0.5], "texture": "#missing"},
				"east": {"uv": [0, 0, 12, 0.5], "texture": "#missing"},
				"south": {"uv": [0, 0, 0.3, 0.5], "texture": "#missing"},
				"west": {"uv": [0, 0, 12, 0.5], "texture": "#missing"},
				"up": {"uv": [0, 0, 12, 0.3], "rotation": 270, "texture": "#missing"},
				"down": {"uv": [0, 0, 12, 0.3], "rotation": 90, "texture": "#missing"}
			}
		},
		{
			"from": [1.7, 14, 3],
			"to": [2, 14.5, 13],
			"faces": {
				"north": {"uv": [0, 0, 0.3, 0.5], "texture": "#0"},
				"east": {"uv": [0, 0, 10, 0.5], "texture": "#0"},
				"south": {"uv": [0, 0, 0.3, 0.5], "texture": "#0"},
				"west": {"uv": [0, 0, 10, 0.5], "texture": "#0"},
				"up": {"uv": [0, 0, 10, 0.3], "rotation": 270, "texture": "#0"},
				"down": {"uv": [0, 0, 10, 0.3], "rotation": 90, "texture": "#0"}
			}
		},
		{
			"from": [0.7, 14, 5],
			"to": [1, 14.5, 11],
			"color": 9,
			"faces": {
				"north": {"uv": [0, 0, 0.3, 0.5], "texture": "#missing"},
				"east": {"uv": [0, 0, 6, 0.5], "texture": "#missing"},
				"south": {"uv": [0, 0, 0.3, 0.5], "texture": "#missing"},
				"west": {"uv": [0, 0, 6, 0.5], "texture": "#missing"},
				"up": {"uv": [0, 0, 6, 0.3], "rotation": 270, "texture": "#missing"},
				"down": {"uv": [0, 0, 6, 0.3], "rotation": 90, "texture": "#missing"}
			}
		},
		{
			"from": [11, 14, 1],
			"to": [11.3, 14.5, 15],
			"faces": {
				"north": {"uv": [0, 0, 0.3, 0.5], "texture": "#0"},
				"east": {"uv": [0, 0, 14, 0.5], "texture": "#0"},
				"south": {"uv": [0, 0, 0.3, 0.5], "texture": "#0"},
				"west": {"uv": [0, 0, 14, 0.5], "texture": "#0"},
				"up": {"uv": [0, 0, 14, 0.3], "rotation": 90, "texture": "#0"},
				"down": {"uv": [0, 0, 14, 0.3], "rotation": 270, "texture": "#0"}
			}
		},
		{
			"from": [13, 14, 2],
			"to": [13.3, 14.5, 14],
			"faces": {
				"north": {"uv": [0, 0, 0.3, 0.5], "texture": "#0"},
				"east": {"uv": [0, 0, 12, 0.5], "texture": "#0"},
				"south": {"uv": [0, 0, 0.3, 0.5], "texture": "#0"},
				"west": {"uv": [0, 0, 12, 0.5], "texture": "#0"},
				"up": {"uv": [0, 0, 12, 0.3], "rotation": 90, "texture": "#0"},
				"down": {"uv": [0, 0, 12, 0.3], "rotation": 270, "texture": "#0"}
			}
		},
		{
			"from": [14, 14, 3],
			"to": [14.3, 14.5, 13],
			"color": 9,
			"faces": {
				"north": {"uv": [0, 0, 0.3, 0.5], "texture": "#missing"},
				"east": {"uv": [0, 0, 10, 0.5], "texture": "#missing"},
				"south": {"uv": [0, 0, 0.3, 0.5], "texture": "#missing"},
				"west": {"uv": [0, 0, 10, 0.5], "texture": "#missing"},
				"up": {"uv": [0, 0, 10, 0.3], "rotation": 90, "texture": "#missing"},
				"down": {"uv": [0, 0, 10, 0.3], "rotation": 270, "texture": "#missing"}
			}
		},
		{
			"from": [15, 14, 5],
			"to": [15.3, 14.5, 11],
			"color": 9,
			"faces": {
				"north": {"uv": [0, 0, 0.3, 0.5], "texture": "#missing"},
				"east": {"uv": [0, 0, 6, 0.5], "texture": "#missing"},
				"south": {"uv": [0, 0, 0.3, 0.5], "texture": "#missing"},
				"west": {"uv": [0, 0, 6, 0.5], "texture": "#missing"},
				"up": {"uv": [0, 0, 6, 0.3], "rotation": 90, "texture": "#missing"},
				"down": {"uv": [0, 0, 6, 0.3], "rotation": 270, "texture": "#missing"}
			}
		},
		{
			"from": [1, 14, 4.7],
			"to": [15, 14.5, 5],
			"faces": {
				"north": {"uv": [0, 0, 14, 0.5], "texture": "#0"},
				"east": {"uv": [0, 0, 0.3, 0.5], "texture": "#0"},
				"south": {"uv": [0, 0, 14, 0.5], "texture": "#0"},
				"west": {"uv": [0, 0, 0.3, 0.5], "texture": "#0"},
				"up": {"uv": [0, 0, 14, 0.3], "texture": "#0"},
				"down": {"uv": [0, 0, 14, 0.3], "texture": "#0"}
			}
		},
		{
			"from": [2, 14, 2.7],
			"to": [14, 14.5, 3],
			"faces": {
				"north": {"uv": [0, 0, 12, 0.5], "texture": "#0"},
				"east": {"uv": [0, 0, 0.3, 0.5], "texture": "#0"},
				"south": {"uv": [0, 0, 12, 0.5], "texture": "#0"},
				"west": {"uv": [0, 0, 0.3, 0.5], "texture": "#0"},
				"up": {"uv": [0, 0, 12, 0.3], "texture": "#0"},
				"down": {"uv": [0, 0, 12, 0.3], "texture": "#0"}
			}
		},
		{
			"from": [3, 14, 1.7],
			"to": [13, 14.5, 2],
			"faces": {
				"north": {"uv": [0, 0, 10, 0.5], "texture": "#0"},
				"east": {"uv": [0, 0, 0.3, 0.5], "texture": "#0"},
				"south": {"uv": [0, 0, 10, 0.5], "texture": "#0"},
				"west": {"uv": [0, 0, 0.3, 0.5], "texture": "#0"},
				"up": {"uv": [0, 0, 10, 0.3], "texture": "#0"},
				"down": {"uv": [0, 0, 10, 0.3], "texture": "#0"}
			}
		},
		{
			"from": [1, 14, 11],
			"to": [15, 14.5, 11.3],
			"faces": {
				"north": {"uv": [0, 0, 14, 1], "texture": "#0"},
				"east": {"uv": [0, 4, 1, 5], "texture": "#0"},
				"south": {"uv": [0, 1, 14, 2], "texture": "#0"},
				"west": {"uv": [1, 4, 2, 5], "texture": "#0"},
				"up": {"uv": [14, 3, 0, 2], "texture": "#0"},
				"down": {"uv": [14, 3, 0, 4], "texture": "#0"}
			}
		},
		{
			"from": [2, 14, 13],
			"to": [14, 14.5, 13.3],
			"faces": {
				"north": {"uv": [0, 0, 12, 0.5], "texture": "#0"},
				"east": {"uv": [0, 0, 0.3, 0.5], "texture": "#0"},
				"south": {"uv": [0, 0, 12, 0.5], "texture": "#0"},
				"west": {"uv": [0, 0, 0.3, 0.5], "texture": "#0"},
				"up": {"uv": [0, 0, 12, 0.3], "rotation": 180, "texture": "#0"},
				"down": {"uv": [0, 0, 12, 0.3], "rotation": 180, "texture": "#0"}
			}
		},
		{
			"from": [3, 14, 14],
			"to": [13, 14.5, 14.3],
			"faces": {
				"north": {"uv": [0, 0, 10, 0.5], "texture": "#0"},
				"east": {"uv": [0, 0, 0.3, 0.5], "texture": "#0"},
				"south": {"uv": [0, 0, 10, 0.5], "texture": "#0"},
				"west": {"uv": [0, 0, 0.3, 0.5], "texture": "#0"},
				"up": {"uv": [0, 0, 10, 0.3], "rotation": 180, "texture": "#0"},
				"down": {"uv": [0, 0, 10, 0.3], "rotation": 180, "texture": "#0"}
			}
		},
		{
			"from": [5, 14, 15],
			"to": [11, 14.5, 15.3],
			"faces": {
				"north": {"uv": [0, 0, 6, 0.5], "texture": "#0"},
				"east": {"uv": [0, 0, 0.3, 0.5], "texture": "#0"},
				"south": {"uv": [0, 0, 6, 0.5], "texture": "#0"},
				"west": {"uv": [0, 0, 0.3, 0.5], "texture": "#0"},
				"up": {"uv": [0, 0, 6, 0.3], "rotation": 180, "texture": "#0"},
				"down": {"uv": [0, 0, 6, 0.3], "rotation": 180, "texture": "#0"}
			}
		},
		{
			"from": [5, 14, 0.7],
			"to": [11, 14.5, 1],
			"faces": {
				"north": {"uv": [0, 0, 6, 0.5], "texture": "#0"},
				"east": {"uv": [0, 0, 0.3, 0.5], "texture": "#0"},
				"south": {"uv": [0, 0, 6, 0.5], "texture": "#0"},
				"west": {"uv": [0, 0, 0.3, 0.5], "texture": "#0"},
				"up": {"uv": [0, 0, 6, 0.3], "texture": "#0"},
				"down": {"uv": [0, 0, 6, 0.3], "texture": "#0"}
			}
		},
		{
			"from": [11, 2, 1],
			"to": [11.3, 2.5, 15],
			"faces": {
				"north": {"uv": [0, 0, 0.3, 0.5], "texture": "#0"},
				"east": {"uv": [0, 0, 14, 0.5], "texture": "#0"},
				"south": {"uv": [0, 0, 0.3, 0.5], "texture": "#0"},
				"west": {"uv": [0, 0, 14, 0.5], "texture": "#0"},
				"up": {"uv": [0, 0, 14, 0.3], "rotation": 90, "texture": "#0"},
				"down": {"uv": [0, 0, 14, 0.3], "rotation": 270, "texture": "#0"}
			}
		},
		{
			"from": [5, 2, 0.7],
			"to": [11, 2.5, 1],
			"faces": {
				"north": {"uv": [0, 0, 6, 0.5], "texture": "#0"},
				"east": {"uv": [0, 0, 0.3, 0.5], "texture": "#0"},
				"south": {"uv": [0, 0, 6, 0.5], "texture": "#0"},
				"west": {"uv": [0, 0, 0.3, 0.5], "texture": "#0"},
				"up": {"uv": [0, 0, 6, 0.3], "texture": "#0"},
				"down": {"uv": [0, 0, 6, 0.3], "texture": "#0"}
			}
		},
		{
			"from": [13, 2, 2],
			"to": [13.3, 2.5, 14],
			"color": 9,
			"faces": {
				"north": {"uv": [0, 0, 0.3, 0.5], "texture": "#missing"},
				"east": {"uv": [0, 0, 12, 0.5], "texture": "#missing"},
				"south": {"uv": [0, 0, 0.3, 0.5], "texture": "#missing"},
				"west": {"uv": [0, 0, 12, 0.5], "texture": "#missing"},
				"up": {"uv": [0, 0, 12, 0.3], "rotation": 90, "texture": "#missing"},
				"down": {"uv": [0, 0, 12, 0.3], "rotation": 270, "texture": "#missing"}
			}
		},
		{
			"from": [14, 2, 3],
			"to": [14.3, 2.5, 13],
			"faces": {
				"north": {"uv": [0, 0, 0.3, 0.5], "texture": "#0"},
				"east": {"uv": [0, 0, 10, 0.5], "texture": "#0"},
				"south": {"uv": [0, 0, 0.3, 0.5], "texture": "#0"},
				"west": {"uv": [0, 0, 10, 0.5], "texture": "#0"},
				"up": {"uv": [0, 0, 10, 0.3], "rotation": 90, "texture": "#0"},
				"down": {"uv": [0, 0, 10, 0.3], "rotation": 270, "texture": "#0"}
			}
		},
		{
			"from": [15, 2, 5],
			"to": [15.3, 2.5, 11],
			"faces": {
				"north": {"uv": [0, 0, 0.3, 0.5], "texture": "#0"},
				"east": {"uv": [0, 0, 6, 0.5], "texture": "#0"},
				"south": {"uv": [0, 0, 0.3, 0.5], "texture": "#0"},
				"west": {"uv": [0, 0, 6, 0.5], "texture": "#0"},
				"up": {"uv": [0, 0, 6, 0.3], "rotation": 90, "texture": "#0"},
				"down": {"uv": [0, 0, 6, 0.3], "rotation": 270, "texture": "#0"}
			}
		},
		{
			"from": [4.7, 2, 1],
			"to": [5, 2.5, 15],
			"faces": {
				"north": {"uv": [0, 0, 0.3, 0.5], "texture": "#0"},
				"east": {"uv": [0, 0, 14, 0.5], "texture": "#0"},
				"south": {"uv": [0, 0, 0.3, 0.5], "texture": "#0"},
				"west": {"uv": [0, 0, 14, 0.5], "texture": "#0"},
				"up": {"uv": [0, 0, 14, 0.3], "rotation": 270, "texture": "#0"},
				"down": {"uv": [0, 0, 14, 0.3], "rotation": 90, "texture": "#0"}
			}
		},
		{
			"from": [2.7, 2, 2],
			"to": [3, 2.5, 14],
			"faces": {
				"north": {"uv": [0, 0, 0.3, 0.5], "texture": "#0"},
				"east": {"uv": [0, 0, 12, 0.5], "texture": "#0"},
				"south": {"uv": [0, 0, 0.3, 0.5], "texture": "#0"},
				"west": {"uv": [0, 0, 12, 0.5], "texture": "#0"},
				"up": {"uv": [0, 0, 12, 0.3], "rotation": 270, "texture": "#0"},
				"down": {"uv": [0, 0, 12, 0.3], "rotation": 90, "texture": "#0"}
			}
		},
		{
			"from": [1.7, 2, 3],
			"to": [2, 2.5, 13],
			"faces": {
				"north": {"uv": [0, 0, 0.3, 0.5], "texture": "#0"},
				"east": {"uv": [0, 0, 10, 0.5], "texture": "#0"},
				"south": {"uv": [0, 0, 0.3, 0.5], "texture": "#0"},
				"west": {"uv": [0, 0, 10, 0.5], "texture": "#0"},
				"up": {"uv": [0, 0, 10, 0.3], "rotation": 270, "texture": "#0"},
				"down": {"uv": [0, 0, 10, 0.3], "rotation": 90, "texture": "#0"}
			}
		},
		{
			"from": [3, 2, 1.7],
			"to": [13, 2.5, 2],
			"color": 9,
			"faces": {
				"north": {"uv": [0, 0, 10, 0.5], "texture": "#missing"},
				"east": {"uv": [0, 0, 0.3, 0.5], "texture": "#missing"},
				"south": {"uv": [0, 0, 10, 0.5], "texture": "#missing"},
				"west": {"uv": [0, 0, 0.3, 0.5], "texture": "#missing"},
				"up": {"uv": [0, 0, 10, 0.3], "texture": "#missing"},
				"down": {"uv": [0, 0, 10, 0.3], "texture": "#missing"}
			}
		},
		{
			"from": [0.7, 2, 5],
			"to": [1, 2.5, 11],
			"faces": {
				"north": {"uv": [0, 0, 0.3, 0.5], "texture": "#0"},
				"east": {"uv": [0, 0, 6, 0.5], "texture": "#0"},
				"south": {"uv": [0, 0, 0.3, 0.5], "texture": "#0"},
				"west": {"uv": [0, 0, 6, 0.5], "texture": "#0"},
				"up": {"uv": [0, 0, 6, 0.3], "rotation": 270, "texture": "#0"},
				"down": {"uv": [0, 0, 6, 0.3], "rotation": 90, "texture": "#0"}
			}
		},
		{
			"from": [2, 2, 2.7],
			"to": [14, 2.5, 3],
			"faces": {
				"north": {"uv": [0, 0, 12, 0.5], "texture": "#0"},
				"east": {"uv": [0, 0, 0.3, 0.5], "texture": "#0"},
				"south": {"uv": [0, 0, 12, 0.5], "texture": "#0"},
				"west": {"uv": [0, 0, 0.3, 0.5], "texture": "#0"},
				"up": {"uv": [0, 0, 12, 0.3], "texture": "#0"},
				"down": {"uv": [0, 0, 12, 0.3], "texture": "#0"}
			}
		},
		{
			"from": [1, 2, 4.7],
			"to": [15, 2.5, 5],
			"faces": {
				"north": {"uv": [0, 0, 14, 0.5], "texture": "#0"},
				"east": {"uv": [0, 0, 0.3, 0.5], "texture": "#0"},
				"south": {"uv": [0, 0, 14, 0.5], "texture": "#0"},
				"west": {"uv": [0, 0, 0.3, 0.5], "texture": "#0"},
				"up": {"uv": [0, 0, 14, 0.3], "texture": "#0"},
				"down": {"uv": [0, 0, 14, 0.3], "texture": "#0"}
			}
		},
		{
			"from": [3, 2, 14],
			"to": [13, 2.5, 14.3],
			"faces": {
				"north": {"uv": [0, 0, 10, 0.5], "texture": "#0"},
				"east": {"uv": [0, 0, 0.3, 0.5], "texture": "#0"},
				"south": {"uv": [0, 0, 10, 0.5], "texture": "#0"},
				"west": {"uv": [0, 0, 0.3, 0.5], "texture": "#0"},
				"up": {"uv": [0, 0, 10, 0.3], "rotation": 180, "texture": "#0"},
				"down": {"uv": [0, 0, 10, 0.3], "rotation": 180, "texture": "#0"}
			}
		},
		{
			"from": [5, 2, 15],
			"to": [11, 2.5, 15.3],
			"faces": {
				"north": {"uv": [0, 0, 6, 0.5], "texture": "#missing"},
				"east": {"uv": [0, 0, 0.3, 0.5], "texture": "#missing"},
				"south": {"uv": [0, 0, 6, 0.5], "texture": "#missing"},
				"west": {"uv": [0, 0, 0.3, 0.5], "texture": "#0"},
				"up": {"uv": [0, 0, 6, 0.3], "rotation": 180, "texture": "#missing"},
				"down": {"uv": [0, 0, 6, 0.3], "rotation": 180, "texture": "#missing"}
			}
		},
		{
			"from": [2, 2, 13],
			"to": [14, 2.5, 13.3],
			"faces": {
				"north": {"uv": [0, 0, 12, 0.5], "texture": "#missing"},
				"east": {"uv": [0, 0, 0.3, 0.5], "texture": "#missing"},
				"south": {"uv": [0, 0, 12, 0.5], "texture": "#missing"},
				"west": {"uv": [0, 0, 0.3, 0.5], "texture": "#0"},
				"up": {"uv": [0, 0, 12, 0.3], "rotation": 180, "texture": "#missing"},
				"down": {"uv": [0, 0, 12, 0.3], "rotation": 180, "texture": "#missing"}
			}
		},
		{
			"from": [1, 2, 11],
			"to": [15, 2.5, 11.3],
			"faces": {
				"north": {"uv": [0, 0, 14, 0.5], "texture": "#missing"},
				"east": {"uv": [0, 0, 0.3, 0.5], "texture": "#missing"},
				"south": {"uv": [0, 0, 14, 0.5], "texture": "#missing"},
				"west": {"uv": [0, 0, 0.3, 0.5], "texture": "#0"},
				"up": {"uv": [0, 0, 14, 0.3], "rotation": 180, "texture": "#missing"},
				"down": {"uv": [0, 0, 14, 0.3], "rotation": 180, "texture": "#missing"}
			}
		},
		{
			"from": [11, 2, 1],
			"to": [11.3, 2.5, 15],
			"faces": {
				"north": {"uv": [0, 0, 0.3, 0.5], "texture": "#missing"},
				"east": {"uv": [0, 0, 14, 0.5], "texture": "#missing"},
				"south": {"uv": [0, 0, 0.3, 0.5], "texture": "#missing"},
				"west": {"uv": [0, 0, 14, 0.5], "texture": "#0"},
				"up": {"uv": [0, 0, 14, 0.3], "rotation": 90, "texture": "#missing"},
				"down": {"uv": [0, 0, 14, 0.3], "rotation": 270, "texture": "#missing"}
			}
		},
		{
			"from": [13, 2, 2],
			"to": [13.3, 2.5, 14],
			"faces": {
				"north": {"uv": [0, 0, 0.3, 0.5], "texture": "#0"},
				"east": {"uv": [0, 0, 12, 0.5], "texture": "#0"},
				"south": {"uv": [0, 0, 0.3, 0.5], "texture": "#0"},
				"west": {"uv": [0, 0, 12, 0.5], "texture": "#0"},
				"up": {"uv": [0, 0, 12, 0.3], "rotation": 90, "texture": "#0"},
				"down": {"uv": [0, 0, 12, 0.3], "rotation": 270, "texture": "#0"}
			}
		},
		{
			"from": [14, 2, 3],
			"to": [14.3, 2.5, 13],
			"color": 9,
			"faces": {
				"north": {"uv": [0, 0, 0.3, 0.5], "texture": "#missing"},
				"east": {"uv": [0, 0, 10, 0.5], "texture": "#missing"},
				"south": {"uv": [0, 0, 0.3, 0.5], "texture": "#missing"},
				"west": {"uv": [0, 0, 10, 0.5], "texture": "#missing"},
				"up": {"uv": [0, 0, 10, 0.3], "rotation": 90, "texture": "#missing"},
				"down": {"uv": [0, 0, 10, 0.3], "rotation": 270, "texture": "#missing"}
			}
		},
		{
			"from": [15, 2, 5],
			"to": [15.3, 2.5, 11],
			"color": 9,
			"faces": {
				"north": {"uv": [0, 0, 0.3, 0.5], "texture": "#missing"},
				"east": {"uv": [0, 0, 6, 0.5], "texture": "#missing"},
				"south": {"uv": [0, 0, 0.3, 0.5], "texture": "#missing"},
				"west": {"uv": [0, 0, 6, 0.5], "texture": "#missing"},
				"up": {"uv": [0, 0, 6, 0.3], "rotation": 90, "texture": "#missing"},
				"down": {"uv": [0, 0, 6, 0.3], "rotation": 270, "texture": "#missing"}
			}
		},
		{
			"from": [4.7, 2, 1],
			"to": [5, 2.5, 15],
			"color": 9,
			"faces": {
				"north": {"uv": [0, 0, 0.3, 0.5], "texture": "#missing"},
				"east": {"uv": [0, 0, 14, 0.5], "texture": "#missing"},
				"south": {"uv": [0, 0, 0.3, 0.5], "texture": "#missing"},
				"west": {"uv": [0, 0, 14, 0.5], "texture": "#missing"},
				"up": {"uv": [0, 0, 14, 0.3], "rotation": 270, "texture": "#missing"},
				"down": {"uv": [0, 0, 14, 0.3], "rotation": 90, "texture": "#missing"}
			}
		},
		{
			"from": [2.7, 2, 2],
			"to": [3, 2.5, 14],
			"color": 9,
			"faces": {
				"north": {"uv": [0, 0, 0.3, 0.5], "texture": "#missing"},
				"east": {"uv": [0, 0, 12, 0.5], "texture": "#missing"},
				"south": {"uv": [0, 0, 0.3, 0.5], "texture": "#missing"},
				"west": {"uv": [0, 0, 12, 0.5], "texture": "#missing"},
				"up": {"uv": [0, 0, 12, 0.3], "rotation": 270, "texture": "#missing"},
				"down": {"uv": [0, 0, 12, 0.3], "rotation": 90, "texture": "#missing"}
			}
		},
		{
			"from": [1.7, 2, 3],
			"to": [2, 2.5, 13],
			"faces": {
				"north": {"uv": [0, 0, 0.3, 0.5], "texture": "#0"},
				"east": {"uv": [0, 0, 10, 0.5], "texture": "#0"},
				"south": {"uv": [0, 0, 0.3, 0.5], "texture": "#0"},
				"west": {"uv": [0, 0, 10, 0.5], "texture": "#0"},
				"up": {"uv": [0, 0, 10, 0.3], "rotation": 270, "texture": "#0"},
				"down": {"uv": [0, 0, 10, 0.3], "rotation": 90, "texture": "#0"}
			}
		},
		{
			"from": [0.7, 2, 5],
			"to": [1, 2.5, 11],
			"color": 9,
			"faces": {
				"north": {"uv": [0, 0, 0.3, 0.5], "texture": "#missing"},
				"east": {"uv": [0, 0, 6, 0.5], "texture": "#missing"},
				"south": {"uv": [0, 0, 0.3, 0.5], "texture": "#missing"},
				"west": {"uv": [0, 0, 6, 0.5], "texture": "#missing"},
				"up": {"uv": [0, 0, 6, 0.3], "rotation": 270, "texture": "#missing"},
				"down": {"uv": [0, 0, 6, 0.3], "rotation": 90, "texture": "#missing"}
			}
		},
		{
			"from": [3, 2, 1.7],
			"to": [13, 2.5, 2],
			"faces": {
				"north": {"uv": [0, 0, 10, 0.5], "texture": "#0"},
				"east": {"uv": [0, 0, 0.3, 0.5], "texture": "#0"},
				"south": {"uv": [0, 0, 10, 0.5], "texture": "#0"},
				"west": {"uv": [0, 0, 0.3, 0.5], "texture": "#0"},
				"up": {"uv": [0, 0, 10, 0.3], "texture": "#0"},
				"down": {"uv": [0, 0, 10, 0.3], "texture": "#0"}
			}
		},
		{
			"from": [2, 2, 2.7],
			"to": [14, 2.5, 3],
			"faces": {
				"north": {"uv": [0, 0, 12, 0.5], "texture": "#0"},
				"east": {"uv": [0, 0, 0.3, 0.5], "texture": "#0"},
				"south": {"uv": [0, 0, 12, 0.5], "texture": "#0"},
				"west": {"uv": [0, 0, 0.3, 0.5], "texture": "#0"},
				"up": {"uv": [0, 0, 12, 0.3], "texture": "#0"},
				"down": {"uv": [0, 0, 12, 0.3], "texture": "#0"}
			}
		},
		{
			"from": [1, 2, 4.7],
			"to": [15, 2.5, 5],
			"faces": {
				"north": {"uv": [0, 0, 14, 0.5], "texture": "#0"},
				"east": {"uv": [0, 0, 0.3, 0.5], "texture": "#0"},
				"south": {"uv": [0, 0, 14, 0.5], "texture": "#0"},
				"west": {"uv": [0, 0, 0.3, 0.5], "texture": "#0"},
				"up": {"uv": [0, 0, 14, 0.3], "texture": "#0"},
				"down": {"uv": [0, 0, 14, 0.3], "texture": "#0"}
			}
		},
		{
			"from": [5, 2, 15],
			"to": [11, 2.5, 15.3],
			"faces": {
				"north": {"uv": [0, 0, 6, 0.5], "texture": "#0"},
				"east": {"uv": [0, 0, 0.3, 0.5], "texture": "#0"},
				"south": {"uv": [0, 0, 6, 0.5], "texture": "#0"},
				"west": {"uv": [0, 0, 0.3, 0.5], "texture": "#0"},
				"up": {"uv": [0, 0, 6, 0.3], "rotation": 180, "texture": "#0"},
				"down": {"uv": [0, 0, 6, 0.3], "rotation": 180, "texture": "#0"}
			}
		},
		{
			"from": [3, 2, 14],
			"to": [13, 2.5, 14.3],
			"faces": {
				"north": {"uv": [0, 0, 10, 0.5], "texture": "#0"},
				"east": {"uv": [0, 0, 0.3, 0.5], "texture": "#0"},
				"south": {"uv": [0, 0, 10, 0.5], "texture": "#0"},
				"west": {"uv": [0, 0, 0.3, 0.5], "texture": "#0"},
				"up": {"uv": [0, 0, 10, 0.3], "rotation": 180, "texture": "#0"},
				"down": {"uv": [0, 0, 10, 0.3], "rotation": 180, "texture": "#0"}
			}
		},
		{
			"from": [2, 2, 13],
			"to": [14, 2.5, 13.3],
			"faces": {
				"north": {"uv": [0, 0, 12, 0.5], "texture": "#0"},
				"east": {"uv": [0, 0, 0.3, 0.5], "texture": "#0"},
				"south": {"uv": [0, 0, 12, 0.5], "texture": "#0"},
				"west": {"uv": [0, 0, 0.3, 0.5], "texture": "#0"},
				"up": {"uv": [0, 0, 12, 0.3], "rotation": 180, "texture": "#0"},
				"down": {"uv": [0, 0, 12, 0.3], "rotation": 180, "texture": "#0"}
			}
		},
		{
			"from": [1, 2, 11],
			"to": [15, 2.5, 11.3],
			"faces": {
				"north": {"uv": [0, 0, 14, 1], "texture": "#0"},
				"east": {"uv": [0, 4, 1, 5], "texture": "#0"},
				"south": {"uv": [0, 1, 14, 2], "texture": "#0"},
				"west": {"uv": [1, 4, 2, 5], "texture": "#0"},
				"up": {"uv": [14, 3, 0, 2], "texture": "#0"},
				"down": {"uv": [14, 3, 0, 4], "texture": "#0"}
			}
		}
	],
	"display": {
		"thirdperson_righthand": {
			"rotation": [86, 0, 90],
			"translation": [-6, 6, 5.5]
		},
		"firstperson_righthand": {
			"rotation": [0, 0, 90],
			"translation": [-9.5, -1.25, 0]
		},
		"firstperson_lefthand": {
			"rotation": [0, 0, 90],
			"translation": [-8.75, -1.25, 0]
		},
		"ground": {
			"translation": [0, 3.5, 0]
		},
		"head": {
			"rotation": [-1, 0, 0],
			"translation": [0, -6.5, 26.75],
			"scale": [4, 4, 4]
		},
		"fixed": {
			"scale": [1.49, 0.93, 4]
		}
	},
	"groups": [
		{
			"name": "barrel",
			"origin": [0, 0, 0],
			"color": 0,
			"children": [0, 1, 2, 3, 4, 5, 6, 7, 8, 9]
		},
		{
			"name": "hiu",
			"origin": [8, 8, 8],
			"color": 0,
			"children": []
		},
		10,
		11,
		12,
		13,
		14,
		15,
		16,
		17,
		18,
		19,
		20,
		21,
		22,
		23,
		24,
		25,
		26,
		27,
		28,
		29,
		30,
		31,
		32,
		33,
		34,
		35,
		36,
		37,
		38,
		39,
		40,
		41,
		42,
		43,
		44,
		45,
		46,
		47,
		48,
		49,
		50,
		51,
		52,
		53,
		54,
		55,
		56,
		57,
		58,
		59,
		60,
		61,
		62,
		63,
		64,
		65,
		66,
		67,
		68,
		69,
		70,
		71,
		72,
		73,
		74,
		75,
		76,
		77,
		78,
		79,
		80,
		81,
		82,
		83,
		84,
		85,
		86,
		87,
		88,
		89,
		90,
		91,
		92,
		93,
		94,
		95,
		96,
		97,
		98,
		99,
		100,
		101,
		102,
		103,
		104,
		105,
		106,
		107,
		108,
		109,
		110,
		111,
		112,
		113,
		114,
		115,
		116,
		117,
		118,
		119,
		120,
		121,
		122,
		123,
		124,
		125,
		126,
		127,
		128,
		129,
		130,
		131,
		132,
		133,
		134,
		135,
		136,
		137,
		138,
		139,
		140,
		141,
		142,
		143,
		144,
		145,
		146,
		147,
		148,
		149,
		150,
		151,
		152,
		153,
		154,
		155,
		156,
		157,
		158,
		159,
		160,
		161,
		162,
		163,
		164,
		165,
		166,
		167,
		168,
		169,
		170,
		171,
		172
	]
}