{"credit":"Made with Blockbench","texture_size":[32,32],"textures":{"0":"armor:uniforms/american-hat","particle":"armor:uniforms/american-hat"},"elements":[{"from":[1.75,7,1.75],"to":[14.25,7,14.25],"rotation":{"angle":0,"axis":"y","origin":[9,15,9]},"faces":{"north":{"uv":[4,4,8,5.5],"texture":"#0"},"east":{"uv":[0,4,4,5.5],"texture":"#0"},"south":{"uv":[12,4,16,5.5],"texture":"#0"},"west":{"uv":[8,4,12,5.5],"texture":"#0"},"up":{"uv":[0,6,7,13],"rotation":180,"texture":"#0"},"down":{"uv":[14,6,7,13],"texture":"#0"}}},{"from":[4.5,7,4.5],"to":[11.5,9.5,11.5],"rotation":{"angle":0,"axis":"y","origin":[12,15,12]},"faces":{"north":{"uv":[4,4,8,6],"texture":"#0"},"east":{"uv":[0,4,4,6],"texture":"#0"},"south":{"uv":[12,4,16,6],"texture":"#0"},"west":{"uv":[8,4,12,6],"texture":"#0"},"up":{"uv":[4,0,8,4],"rotation":180,"texture":"#0"}}}],"display":{"thirdperson_righthand":{"rotation":[-9,0,-16],"translation":[0.25,0.75,-2.75]},"thirdperson_lefthand":{"rotation":[-9,0,-16],"translation":[0,1.75,-2]},"firstperson_righthand":{"rotation":[-50,0,0],"translation":[1.25,0,0]},"firstperson_lefthand":{"rotation":[-50,0,0],"translation":[1.25,0,0]},"ground":{"translation":[0,-2,0],"scale":[0.9,0.9,0.9]},"gui":{"rotation":[30,132,0],"translation":[0,-0.25,0],"scale":[0.87,0.87,0.87]},"head":{"translation":[0,4.25,0],"scale":[1.9,1.9,1.9]},"fixed":{"rotation":[-54,0,0],"translation":[0,-6.75,-6.75],"scale":[1.58,1.58,1.58]}}}